Artikelname,BildURL,data_id,data_productid,data_index,title_attribute,ref,unit_title,unit_value,unit_label,tags,volume_raw,volume_liters
AKUA wild (0.75l),https://cdn.orderlion.com/itemimages/_supplier_7JWbbFcM6nq2am6mM/_231117-1423_Rwcs94eWtwPWifmPd-small.jpeg,XNXzvYPXBnA37wCy9,XNXzvYPXBnA37wCy9,26,AKUA wild (0.75l),9219,Ki (12 Fl),ki,Ki (12 Fl),,0.75l,0.75
AKUA zahm (0.75l),https://cdn.orderlion.com/itemimages/_supplier_7JWbbFcM6nq2am6mM/_231117-1424_gBCkYELswB9tiLavq-small.jpeg,zGch3rbXZfDkZwfbE,zGch3rbXZfDkZwfbE,27,AKUA zahm (0.75l),9221,Ki (12 Fl),ki,Ki (12 Fl),,0.75l,0.75
ARO Wasser Classic PET (0.5l),https://cdn.orderlion.com/itemimages/_supplier_7JWbbFcM6nq2am6mM/_220609-1110_BwL6PgijwkZFz54ic-small.jpg,3AnpFzSisfnSzHNLy,3AnpFzSisfnSzHNLy,31,ARO Wasser Classic PET (0.5l),9283,Krt (6 Fl),krt,Krt (6 Fl),,0.5l,0.5
ARO Wasser Medium PET (0.5l),https://cdn.orderlion.com/itemimages/_supplier_7JWbbFcM6nq2am6mM/_220609-1117_EMrpyMMLo8tXgXrFx-small.png,bwMb8eh5Tdepvy4w5,bwMb8eh5Tdepvy4w5,32,ARO Wasser Medium PET (0.5l),9241,Krt (6 Fl),krt,Krt (6 Fl),,0.5l,0.5
ARO Wasser Naturell PET (0.5l),https://cdn.orderlion.com/itemimages/_supplier_7JWbbFcM6nq2am6mM/_220609-1113_TLSPJL5CPbLZQ4M36-small.png,faZX32A9pLzXZ293S,faZX32A9pLzXZ293S,33,ARO Wasser Naturell PET (0.5l),9242,Krt (6 Fl),krt,Krt (6 Fl),,0.5l,0.5
Acqua Morelli Frizzante (0.25l),https://cdn.orderlion.com/itemimages/_supplier_7JWbbFcM6nq2am6mM/_220603-1454_BnvJDDnGzYpJXyANm-small.jpg,XqbsN3CYE83knRY5g,XqbsN3CYE83knRY5g,61,Acqua Morelli Frizzante (0.25l),9001,Ki (24 Fl),ki,Ki (24 Fl),,0.25l,0.25
Acqua Morelli Frizzante (0.75l),https://cdn.orderlion.com/itemimages/_supplier_7JWbbFcM6nq2am6mM/_220603-1454_g8pRecn3FFcZmNHD9-small.jpg,XH7ifvGFQJHMJWKec,XH7ifvGFQJHMJWKec,62,Acqua Morelli Frizzante (0.75l),9002,Ki (12 Fl),ki,Ki (12 Fl),,0.75l,0.75
"Acqua Morelli Frizzante PET KISTEN (24x0,5l)",https://cdn.orderlion.com/itemimages/_supplier_7JWbbFcM6nq2am6mM/_241206-1118_YhN9DsJi5bXbY6kkc-small.jpeg,NNouTtog8KauSxDJn,NNouTtog8KauSxDJn,63,"Acqua Morelli Frizzante PET   KISTEN (24x0,5l)",9306,Ki,ki,Ki,,"0,5l",0.5
Acqua Morelli Non Frizzante (0.25l),https://cdn.orderlion.com/itemimages/_supplier_7JWbbFcM6nq2am6mM/_220610-1709_nYBugxHadpQHD2eXG-small.jpg,ytWmRFMdueGvkyFcG,ytWmRFMdueGvkyFcG,64,Acqua Morelli Non Frizzante (0.25l),9003,Ki (24 Fl),ki,Ki (24 Fl),,0.25l,0.25
Acqua Morelli Non Frizzante (0.75l),https://cdn.orderlion.com/itemimages/_supplier_7JWbbFcM6nq2am6mM/_220610-1712_FDEPALBozdtoqyYTQ-small.jpg,CooT4xTMktxQcgk7S,CooT4xTMktxQcgk7S,65,Acqua Morelli Non Frizzante (0.75l),9004,Ki (12 Fl),ki,Ki (12 Fl),,0.75l,0.75
"Acqua Morelli Non Frizzante PET KISTEN (24x0,5l)",https://cdn.orderlion.com/itemimages/_supplier_7JWbbFcM6nq2am6mM/_250107-0810_7Q9QoW9Qg3C3BYJhQ-small.jpeg,kv7PNLTTpxPvJncuS,kv7PNLTTpxPvJncuS,66,"Acqua Morelli Non Frizzante PET    KISTEN (24x0,5l)",9307,Ki,ki,Ki,,"0,5l",0.5
Acqua Panna (0.25l),https://cdn.orderlion.com/itemimages/_supplier_7JWbbFcM6nq2am6mM/_221003-1824_MJEz83tPHzKqPuAZ3-small.jpg,2sxnjyvMX5txYnYF8,2sxnjyvMX5txYnYF8,67,Acqua Panna (0.25l),9055,Ki (24 Fl),ki,Ki (24 Fl),,0.25l,0.25
Acqua Panna (0.5l),https://cdn.orderlion.com/itemimages/_supplier_7JWbbFcM6nq2am6mM/_221003-1824_AhMHDGGbSjES54PBh-small.jpg,CC3xTv9tpXdG9jtKA,CC3xTv9tpXdG9jtKA,68,Acqua Panna (0.5l),9245,Ki (20 Fl),ki,Ki (20 Fl),,0.5l,0.5
Acqua Panna (0.75l),https://cdn.orderlion.com/itemimages/_supplier_7JWbbFcM6nq2am6mM/_221003-1824_WwweTgq6gknwnA4eY-small.jpg,juHSDXhwCDva948jD,juHSDXhwCDva948jD,69,Acqua Panna (0.75l),9056,Ki (18 Fl),ki,Ki (18 Fl),,0.75l,0.75
Acqua Panna (1l),https://cdn.orderlion.com/itemimages/_supplier_7JWbbFcM6nq2am6mM/_221003-1826_chsbZ7kYuKZrw7fMN-small.jpg,MSm2pThsCodTzpxsh,MSm2pThsCodTzpxsh,70,Acqua Panna (1l),9230,Ki (12 Fl),ki,Ki (12 Fl),,1l,1
Active Fresh Orange Apple (0.75l),https://cdn.orderlion.com/itemimages/_supplier_7JWbbFcM6nq2am6mM/_220602-1512_XYcqLuJdzyzyZQj2L-small.jpg,TkKBh96Fa2P4kLuNp,TkKBh96Fa2P4kLuNp,72,Active Fresh Orange Apple (0.75l),9267,Krt (8 Fl),krt,Krt (8 Fl),,0.75l,0.75
Active O2 Apfel Kiwi (0.75l),https://cdn.orderlion.com/itemimages/_supplier_7JWbbFcM6nq2am6mM/_220602-1514_ui2FYcbcDHBs7AEXa-small.jpg,T6vyu4oYHjPviFjDe,T6vyu4oYHjPviFjDe,73,Active O2 Apfel Kiwi (0.75l),9254,Krt (8 Fl),krt,Krt (8 Fl),,0.75l,0.75
Adelholzener Classic Individual (0.5l),https://cdn.orderlion.com/itemimages/_supplier_7JWbbFcM6nq2am6mM/_220608-1340_aHRKzYvraf7FchavH-small.jpg,NF3TWPqX2rAtKSbcF,NF3TWPqX2rAtKSbcF,82,Adelholzener Classic Individual (0.5l),9256,Ki (12 Fl),ki,Ki (12 Fl),,0.5l,0.5
Adelholzener Classic Individual (0.75l),https://cdn.orderlion.com/itemimages/_supplier_7JWbbFcM6nq2am6mM/_220608-1340_cDrstkhen56sMiSG5-small.jpg,a5bgGdJ4Kex5uRgj6,a5bgGdJ4Kex5uRgj6,83,Adelholzener Classic Individual (0.75l),9106,Ki (12 Fl),ki,Ki (12 Fl),,0.75l,0.75
Adelholzener Classic PET (0.5l),https://cdn.orderlion.com/itemimages/_supplier_7JWbbFcM6nq2am6mM/_220608-1342_SKGpw72rDoBvr77PZ-small.jpg,3ANRkgcuvGujsJKgB,3ANRkgcuvGujsJKgB,84,Adelholzener Classic PET (0.5l),9063,Ki (12 Fl),ki,Ki (12 Fl),,0.5l,0.5
Adelholzener Classic PET (1l),https://cdn.orderlion.com/itemimages/_supplier_7JWbbFcM6nq2am6mM/_220608-1344_LgNWoZ8Nd8Ewerj8D-small.jpg,7rD4TxqDRpxBKtZsj,7rD4TxqDRpxBKtZsj,85,Adelholzener Classic PET (1l),9179,Ki (12 Fl),ki,Ki (12 Fl),,1l,1
Adelholzener Gastro Classic (0.25l),https://cdn.orderlion.com/itemimages/_supplier_7JWbbFcM6nq2am6mM/_220608-1349_REmB5nQPf4CguReTX-small.jpg,d6NrQsHfpoi6rBmP9,d6NrQsHfpoi6rBmP9,92,Adelholzener Gastro Classic (0.25l),9057,Ki (20 Fl),ki,Ki (20 Fl),,0.25l,0.25
Adelholzener Gastro Classic (0.5l),https://cdn.orderlion.com/itemimages/_supplier_7JWbbFcM6nq2am6mM/_220608-1350_4iWKGTkQCim8hHKt5-small.jpg,3jrFHhJHKqzbsezFX,3jrFHhJHKqzbsezFX,93,Adelholzener Gastro Classic (0.5l),9058,Ki (20 Fl),ki,Ki (20 Fl),,0.5l,0.5
Adelholzener Gastro Classic (0.75l),https://cdn.orderlion.com/itemimages/_supplier_7JWbbFcM6nq2am6mM/_220608-1351_wGx7byogYBuEeNBNq-small.jpg,oz7MgcqCABs6hAPfp,oz7MgcqCABs6hAPfp,94,Adelholzener Gastro Classic (0.75l),9059,Ki (12 Fl),ki,Ki (12 Fl),,0.75l,0.75
Adelholzener Gastro Naturell (0.25l),https://cdn.orderlion.com/itemimages/_supplier_7JWbbFcM6nq2am6mM/_220824-0513_EdPRBzS2rRJ9qopMe-small.jpg,2MxqNPQb26wfguGxi,2MxqNPQb26wfguGxi,95,Adelholzener Gastro Naturell (0.25l),9060,Ki (20 Fl),ki,Ki (20 Fl),,0.25l,0.25
Adelholzener Gastro Naturell (0.5l),https://cdn.orderlion.com/itemimages/_supplier_7JWbbFcM6nq2am6mM/_220824-0521_8KbsTDG8iiXqWXL6h-small.jpg,goeHYJiX6sjr2bsjm,goeHYJiX6sjr2bsjm,96,Adelholzener Gastro Naturell (0.5l),9061,Ki (20 Fl),ki,Ki (20 Fl),,0.5l,0.5
Adelholzener Gastro Naturell (0.75l),https://cdn.orderlion.com/itemimages/_supplier_7JWbbFcM6nq2am6mM/_220824-0512_7a9EHJGit87eQYjiX-small.jpg,8XcCjnnAAnRveA9Sp,8XcCjnnAAnRveA9Sp,97,Adelholzener Gastro Naturell (0.75l),9062,Ki (12 Fl),ki,Ki (12 Fl),,0.75l,0.75
Adelholzener Heilwasser Glas (0.75l),https://cdn.orderlion.com/itemimages/_supplier_7JWbbFcM6nq2am6mM/_220608-1356_4F83oM82nAdaujEFC-small.jpg,6njf5FWmk4gYyaJY2,6njf5FWmk4gYyaJY2,99,Adelholzener Heilwasser Glas (0.75l),9180,Ki (12 Fl),ki,Ki (12 Fl),,0.75l,0.75
Adelholzener Naturell Individual (0.33l),https://cdn.orderlion.com/itemimages/_supplier_7JWbbFcM6nq2am6mM/_221227-1054_g94ufmfuRJ4WGaNLy-small.jpg,JQ8WhRzjkZRLEx4Gf,JQ8WhRzjkZRLEx4Gf,104,Adelholzener Naturell Individual (0.33l),9285,Ki (12 Fl),ki,Ki (12 Fl),,0.33l,0.33
Adelholzener Naturell Individual (0.5l),https://cdn.orderlion.com/itemimages/_supplier_7JWbbFcM6nq2am6mM/_220608-1404_qPz67pk5EZ8fi8GK4-small.jpg,cWxvWFLbQqHbqbvEu,cWxvWFLbQqHbqbvEu,105,Adelholzener Naturell Individual (0.5l),9257,Ki (12 Fl),ki,Ki (12 Fl),,0.5l,0.5
Adelholzener Naturell Individual (0.75l),https://cdn.orderlion.com/itemimages/_supplier_7JWbbFcM6nq2am6mM/_220608-1407_kGQghTsMkdTCwWp2d-small.jpg,McKEFhb3DwG2bg5r4,McKEFhb3DwG2bg5r4,106,Adelholzener Naturell Individual (0.75l),9104,Ki (12 Fl),ki,Ki (12 Fl),,0.75l,0.75
Adelholzener Naturell PET (0.5l),https://cdn.orderlion.com/itemimages/_supplier_7JWbbFcM6nq2am6mM/_220608-1408_qQnda4RGsPiSHnbrm-small.jpg,MwEh5RNMcTiGGYQNQ,MwEh5RNMcTiGGYQNQ,107,Adelholzener Naturell PET (0.5l),9064,Ki (12 Fl),ki,Ki (12 Fl),,0.5l,0.5
Adelholzener Naturell PET (1l),https://cdn.orderlion.com/itemimages/_supplier_7JWbbFcM6nq2am6mM/_220608-1409_EFjzvpMQWEySRTGbS-small.jpg,RNLCfvH23N9NCiJD5,RNLCfvH23N9NCiJD5,108,Adelholzener Naturell PET (1l),9177,Ki (12 Fl),ki,Ki (12 Fl),,1l,1
Adelholzener Sanft Individual (0.5l),https://cdn.orderlion.com/itemimages/_supplier_7JWbbFcM6nq2am6mM/_220824-0520_4nHNXxu7BN4qEPTp4-small.jpg,gWFr49DSao3585EBX,gWFr49DSao3585EBX,112,Adelholzener Sanft Individual (0.5l),9255,Ki (12 Fl),ki,Ki (12 Fl),,0.5l,0.5
Adelholzener Sanft Individual (0.75l),https://cdn.orderlion.com/itemimages/_supplier_7JWbbFcM6nq2am6mM/_220824-0522_snYazRM9Bm6xitLZ8-small.jpg,stfvG725Qnytuvibq,stfvG725Qnytuvibq,113,Adelholzener Sanft Individual (0.75l),9105,Ki (12 Fl),ki,Ki (12 Fl),,0.75l,0.75
"Adelholzener Sanft Individual 0,33l",https://cdn.orderlion.com/itemimages/_supplier_7JWbbFcM6nq2am6mM/_230129-0710_SjQNo23cyqv47vSXH-small.jpg,i9hdeCn43XddhMM5s,i9hdeCn43XddhMM5s,114,"Adelholzener Sanft Individual 0,33l",9295,Kiste,kiste-,Kiste,,"0,33l",0.33
Adelholzener Sanft PET (0.5l),https://cdn.orderlion.com/itemimages/_supplier_7JWbbFcM6nq2am6mM/_220824-0523_ZDxt4oXmSdJai5DN9-small.jpg,35BzSp4Kp79HH5RGB,35BzSp4Kp79HH5RGB,115,Adelholzener Sanft PET (0.5l),9210,Ki (12 Fl),ki,Ki (12 Fl),,0.5l,0.5
Adelholzener Sanft PET (1l),https://cdn.orderlion.com/itemimages/_supplier_7JWbbFcM6nq2am6mM/_220609-0607_Ld7gDTtfQkPfXL4a8-small.jpg,kiyd2d8mscatsLEbR,kiyd2d8mscatsLEbR,116,Adelholzener Sanft PET (1l),9178,Ki (12 Fl),ki,Ki (12 Fl),,1l,1
Alasiaquelle Medium (0.7l),https://cdn.orderlion.com/itemimages/_supplier_7JWbbFcM6nq2am6mM/_220609-0646_46YevEP9WjpcvfGdX-small.jpg,Lv4G2kKRjwBrxqg7N,Lv4G2kKRjwBrxqg7N,142,Alasiaquelle Medium (0.7l),9117,Ki (12 Fl),ki,Ki (12 Fl),,0.7l,0.7
Alasiaquelle Medium PET (1l),https://cdn.orderlion.com/itemimages/_supplier_7JWbbFcM6nq2am6mM/_220609-0648_Aw9wrXTnSgLLKhrwT-small.jpg,kSGf79Qq8d9GGWmzi,kSGf79Qq8d9GGWmzi,143,Alasiaquelle Medium PET (1l),9116,Ki (12 Fl),ki,Ki (12 Fl),,1l,1
Alasiaquelle Pur -Naturell- PET (1l),https://cdn.orderlion.com/itemimages/_supplier_7JWbbFcM6nq2am6mM/_221029-0758_srmJseoBXNXhfhY2k-small.jpg,q9DpiyZQyhnN2NfLe,q9DpiyZQyhnN2NfLe,144,Alasiaquelle Pur -Naturell- PET (1l),9118,Ki (12 Fl),ki,Ki (12 Fl),,1l,1
Alasiaquelle Spritzig (0.7l),https://cdn.orderlion.com/itemimages/_supplier_7JWbbFcM6nq2am6mM/_221029-0759_KyuvwhAvxTPeKrbJb-small.png,qNaPxRBkGcnSaZusm,qNaPxRBkGcnSaZusm,145,Alasiaquelle Spritzig (0.7l),9115,Ki (12 Fl),ki,Ki (12 Fl),,0.7l,0.7
Alasiaquelle Spritzig PET (1l),https://cdn.orderlion.com/itemimages/_supplier_7JWbbFcM6nq2am6mM/_221029-0800_RGp4JPDjC2uBu2Qpu-small.png,kQ5dLnjmaBm97bb35,kQ5dLnjmaBm97bb35,146,Alasiaquelle Spritzig PET (1l),9114,Ki (12 Fl),ki,Ki (12 Fl),,1l,1
Apollinaris Selection (0.25l),https://cdn.orderlion.com/itemimages/_supplier_7JWbbFcM6nq2am6mM/_220825-0523_WcHQ8w7nCb6PLSy6w-small.jpg,Bjfbpfxvsr74g8DGw,Bjfbpfxvsr74g8DGw,217,Apollinaris Selection (0.25l),9046,Ki (24 Fl),ki,Ki (24 Fl),,0.25l,0.25
Apollinaris Selection (0.75l),https://cdn.orderlion.com/itemimages/_supplier_7JWbbFcM6nq2am6mM/_221029-0830_dndncwTXtErdSHPw6-small.jpg,9gmf2FHducvLjC8Sg,9gmf2FHducvLjC8Sg,218,Apollinaris Selection (0.75l),9047,Ki (12 Fl),ki,Ki (12 Fl),,0.75l,0.75
Apollinaris Vio (0.25l),https://cdn.orderlion.com/itemimages/_supplier_7JWbbFcM6nq2am6mM/_220825-0523_u3KFq959iQk4NT53A-small.jpg,aZFGPSA6gwhPugFvr,aZFGPSA6gwhPugFvr,219,Apollinaris Vio (0.25l),9048,Ki (24 Fl),ki,Ki (24 Fl),,0.25l,0.25
Apollinaris Vio (0.75l),https://cdn.orderlion.com/itemimages/_supplier_7JWbbFcM6nq2am6mM/_221029-0832_KyM9N33SBBzcABJvR-small.png,ZpFrHhaLkAap67P27,ZpFrHhaLkAap67P27,220,Apollinaris Vio (0.75l),9049,Ki (12 Fl),ki,Ki (12 Fl),,0.75l,0.75
Apollinaris Vio Classic PET (0.5l),https://cdn.orderlion.com/itemimages/_supplier_7JWbbFcM6nq2am6mM/_221029-0834_qJuHG98KYWZBazi7L-small.png,ySTqyuFddZ5sgBno5,ySTqyuFddZ5sgBno5,221,Apollinaris Vio Classic PET (0.5l),9052,Ki (18 Fl),ki,Ki (18 Fl),,0.5l,0.5
Apollinaris Vio Medium (0.25l),https://cdn.orderlion.com/itemimages/_supplier_7JWbbFcM6nq2am6mM/_221029-0835_qJQ56t2Wh6Gousx8n-small.jpg,xq6d8X6dLgpR3QXmj,xq6d8X6dLgpR3QXmj,222,Apollinaris Vio Medium (0.25l),9205,Ki (24 Fl),ki,Ki (24 Fl),,0.25l,0.25
Apollinaris Vio Medium (0.75l),https://cdn.orderlion.com/itemimages/_supplier_7JWbbFcM6nq2am6mM/_221029-0836_resgXATgPbfozYhiq-small.jpg,ctYnrzyfoHxibhKog,ctYnrzyfoHxibhKog,223,Apollinaris Vio Medium (0.75l),9204,Ki (12 Fl),ki,Ki (12 Fl),,0.75l,0.75
Apollinaris Vio Medium PET (0.5l),https://cdn.orderlion.com/itemimages/_supplier_7JWbbFcM6nq2am6mM/_221029-0836_RLBnLxsZQYt4vWKEv-small.png,jqELeme4BBsKsxxXo,jqELeme4BBsKsxxXo,224,Apollinaris Vio Medium PET (0.5l),9051,Ki (18 Fl),ki,Ki (18 Fl),,0.5l,0.5
Apollinaris Vio Naturell PET (0.5l),https://cdn.orderlion.com/itemimages/_supplier_7JWbbFcM6nq2am6mM/_240126-1252_8qaEAESpRmF8pRJo7-small.jpeg,pv4NbkY5qzkzcck8L,pv4NbkY5qzkzcck8L,225,Apollinaris Vio Naturell PET (0.5l),9050,Ki (18 Fl),ki,Ki (18 Fl),,0.5l,0.5
Aqua Monaco Perlend (0.33l),https://cdn.orderlion.com/itemimages/_supplier_7JWbbFcM6nq2am6mM/_230108-1751_L59zjdyZLdse2FuJr-small.jpg,spv9mJJDCm4CCuCAh,spv9mJJDCm4CCuCAh,237,Aqua Monaco Perlend (0.33l),9036,Ki (24 Fl),ki,Ki (24 Fl),,0.33l,0.33
Aqua Monaco Perlend (0.75l),https://cdn.orderlion.com/itemimages/_supplier_7JWbbFcM6nq2am6mM/_230108-1752_Wy2HqSLzjC9vKxJ7X-small.jpg,qPmi8BKzQgnLSxTB5,qPmi8BKzQgnLSxTB5,238,Aqua Monaco Perlend (0.75l),9037,Ki (12 Fl),ki,Ki (12 Fl),,0.75l,0.75
Aqua Monaco Still (0.33l),https://cdn.orderlion.com/itemimages/_supplier_7JWbbFcM6nq2am6mM/_230108-1751_auT5SojJjnRYbiN3a-small.jpg,esz7H4rbeAJKd29MX,esz7H4rbeAJKd29MX,240,Aqua Monaco Still (0.33l),9038,Ki (24 Fl),ki,Ki (24 Fl),,0.33l,0.33
Aqua Monaco Still (0.75l),https://cdn.orderlion.com/itemimages/_supplier_7JWbbFcM6nq2am6mM/_230108-1753_W7aRDhyHKTfoBxrD9-small.jpg,Fg3boXoaEsu7wxMx9,Fg3boXoaEsu7wxMx9,241,Aqua Monaco Still (0.75l),9039,Ki (12 Fl),ki,Ki (12 Fl),,0.75l,0.75
Bad Brambacher Gourmet Medium (0.25l),https://cdn.orderlion.com/itemimages/_supplier_7JWbbFcM6nq2am6mM/_230614-0948_7qdFTo6gDiauyQFSZ-small.png,PraQBLJGjFQwXpBC8,PraQBLJGjFQwXpBC8,344,Bad Brambacher Gourmet Medium (0.25l),9142,Ki (20 Fl),ki,Ki (20 Fl),,0.25l,0.25
Bad Brambacher Gourmet Medium (0.5l),https://cdn.orderlion.com/itemimages/_supplier_7JWbbFcM6nq2am6mM/_230614-0948_ynPLzzWdzwtCYDnfW-small.png,CE9ZeX3Cc73TgYxJv,CE9ZeX3Cc73TgYxJv,345,Bad Brambacher Gourmet Medium (0.5l),9143,Ki (20 Fl),ki,Ki (20 Fl),,0.5l,0.5
Bad Brambacher Gourmet Medium (0.75l),https://cdn.orderlion.com/itemimages/_supplier_7JWbbFcM6nq2am6mM/_230614-0948_dzPijimBCa6ev2NZf-small.png,kW8zBecJG4vdGRCE5,kW8zBecJG4vdGRCE5,346,Bad Brambacher Gourmet Medium (0.75l),9144,Ki (12 Fl),ki,Ki (12 Fl),,0.75l,0.75
Bad Brambacher Gourmet Naturell (0.25l),https://cdn.orderlion.com/itemimages/_supplier_7JWbbFcM6nq2am6mM/_230614-0950_DjtHgn4oCBjYSppuB-small.png,YP25TTdgjY7kfGAct,YP25TTdgjY7kfGAct,347,Bad Brambacher Gourmet Naturell (0.25l),9139,Ki (20 Fl),ki,Ki (20 Fl),,0.25l,0.25
Bad Brambacher Gourmet Naturell (0.5l),https://cdn.orderlion.com/itemimages/_supplier_7JWbbFcM6nq2am6mM/_230614-0951_MiqvYgykF8piha9sw-small.png,JJi7FbKwf2s9Sn66p,JJi7FbKwf2s9Sn66p,348,Bad Brambacher Gourmet Naturell (0.5l),9140,Ki (20 Fl),ki,Ki (20 Fl),,0.5l,0.5
Bad Brambacher Gourmet Naturell (0.75l),https://cdn.orderlion.com/itemimages/_supplier_7JWbbFcM6nq2am6mM/_230614-0952_ZZ64X3XXeF9AePdJB-small.png,yHRc7DmF5nxNuhfBh,yHRc7DmF5nxNuhfBh,349,Bad Brambacher Gourmet Naturell (0.75l),9141,Ki (12 Fl),ki,Ki (12 Fl),,0.75l,0.75
Bad Brambacher Gourmet Spritzig (0.25l),https://cdn.orderlion.com/itemimages/_supplier_7JWbbFcM6nq2am6mM/_230614-0952_rsC98fu4mpwswY3sN-small.png,ajJvzpWWATHbuHT72,ajJvzpWWATHbuHT72,350,Bad Brambacher Gourmet Spritzig (0.25l),9145,Ki (20 Fl),ki,Ki (20 Fl),,0.25l,0.25
Bad Brambacher Gourmet Spritzig (0.5l),https://cdn.orderlion.com/itemimages/_supplier_7JWbbFcM6nq2am6mM/_230614-0955_apjmRuPDhyfxZEyd2-small.png,yXJagdbcpXkEjSErg,yXJagdbcpXkEjSErg,351,Bad Brambacher Gourmet Spritzig (0.5l),9146,Ki (20 Fl),ki,Ki (20 Fl),,0.5l,0.5
Bad Brambacher Gourmet Spritzig (0.75l),https://cdn.orderlion.com/itemimages/_supplier_7JWbbFcM6nq2am6mM/_230614-0955_HXAQjopADv9TRCfcE-small.png,wkrozppuDi2SbRwHy,wkrozppuDi2SbRwHy,352,Bad Brambacher Gourmet Spritzig (0.75l),9147,Ki (12 Fl),ki,Ki (12 Fl),,0.75l,0.75
Bad Brambacher Medium PET (0.5l),https://cdn.orderlion.com/itemimages/_supplier_7JWbbFcM6nq2am6mM/_230614-0956_3BaFCnwgJwL4tt7Wb-small.png,yRPgaBExsGsrgshhY,yRPgaBExsGsrgshhY,353,Bad Brambacher Medium PET (0.5l),9150,Ki (20 Fl),ki,Ki (20 Fl),,0.5l,0.5
Bad Brambacher Medium PET (1l),https://cdn.orderlion.com/itemimages/_supplier_7JWbbFcM6nq2am6mM/_230614-0956_HFYYnnQodYJkRiFPM-small.jpg,BddowR3uRMHX8EM8i,BddowR3uRMHX8EM8i,354,Bad Brambacher Medium PET (1l),9151,Ki (9 Fl),ki,Ki (9 Fl),,1l,1
Bad Brambacher Naturell PET (0.5l),https://cdn.orderlion.com/itemimages/_supplier_7JWbbFcM6nq2am6mM/_230614-0957_jKLKH5Rxvs9P5G7St-small.png,SfBC3Xqh4rFwb59hd,SfBC3Xqh4rFwb59hd,355,Bad Brambacher Naturell PET (0.5l),9148,Ki (20 Fl),ki,Ki (20 Fl),,0.5l,0.5
Bad Brambacher Naturell PET (1l),https://cdn.orderlion.com/itemimages/_supplier_7JWbbFcM6nq2am6mM/_230614-0957_RFjpzW9qvwArkTzZu-small.jpg,wzpvMjqGY5NTsN3Q9,wzpvMjqGY5NTsN3Q9,356,Bad Brambacher Naturell PET (1l),9149,Ki (9 Fl),ki,Ki (9 Fl),,1l,1
Bad Brambacher Spritzig GdB (0.7l),https://cdn.orderlion.com/itemimages/_supplier_7JWbbFcM6nq2am6mM/_231115-1514_iA5dnXX32CQBv5Frn-small.jpeg,GNQoNJQNBkqKNDFjZ,GNQoNJQNBkqKNDFjZ,360,Bad Brambacher Spritzig GdB (0.7l),9273,Ki (12 Fl),ki,Ki (12 Fl),,0.7l,0.7
Bad Brambacher Spritzig PET (0.5l),https://cdn.orderlion.com/itemimages/_supplier_7JWbbFcM6nq2am6mM/_231115-1517_9DPWNWifF6PLPBHXL-small.jpeg,GfetLJ2FYTXihQpag,GfetLJ2FYTXihQpag,361,Bad Brambacher Spritzig PET (0.5l),9152,Ki (20 Fl),ki,Ki (20 Fl),,0.5l,0.5
Bad Brambacher Spritzig PET (1l),https://cdn.orderlion.com/itemimages/_supplier_7JWbbFcM6nq2am6mM/_231115-1524_oJLdXxpxKD8g82BMD-small.jpeg,W2YCdRtue3mc2qpc5,W2YCdRtue3mc2qpc5,362,Bad Brambacher Spritzig PET (1l),9153,Ki (9 Fl),ki,Ki (9 Fl),,1l,1
Bad Brambacher Spritzig Premix (20l),https://cdn.orderlion.com/itemimages/_supplier_7JWbbFcM6nq2am6mM/_230612-0932_hdPP6eZRwp9YwBXFP-small.png,ETuEGMpZoY5BEP3ny,ETuEGMpZoY5BEP3ny,363,Bad Brambacher Spritzig Premix (20l),9154,Krt,krt,Krt,,20l,20
Bad Brückenauer Lemon (0.7l),https://cdn.orderlion.com/itemimages/_supplier_7JWbbFcM6nq2am6mM/_231117-0922_s4hMiqfvStzv8hbWm-small.jpeg,cRf7v9g64iqG98sug,cRf7v9g64iqG98sug,369,Bad Brückenauer Lemon (0.7l),9279,Ki (12 Fl),ki,Ki (12 Fl),,0.7l,0.7
Bad Brückenauer Medium Glas GDB (0.7l),https://cdn.orderlion.com/itemimages/_supplier_7JWbbFcM6nq2am6mM/_231117-0923_ENww3D54QNzbmsRCW-small.jpeg,DvZ4GPE254HXNRviM,DvZ4GPE254HXNRviM,370,Bad Brückenauer Medium Glas GDB (0.7l),9172,Ki (12 Fl),ki,Ki (12 Fl),,0.7l,0.7
Bad Brückenauer Medium PET (1l),https://cdn.orderlion.com/itemimages/_supplier_7JWbbFcM6nq2am6mM/_230826-0853_4d3Nb725ERt5PfJeW-small.jpeg,AAaPPiJs5BFbxHaPu,AAaPPiJs5BFbxHaPu,371,Bad Brückenauer Medium PET (1l),9090,Ki (12 Fl),ki,Ki (12 Fl),,1l,1
Bad Brückenauer Naturell Glas GDB (0.7l),https://cdn.orderlion.com/itemimages/_supplier_7JWbbFcM6nq2am6mM/_231117-0924_wmKHG974aqatA7jqN-small.jpeg,2Tw9pyDKc2BNywra5,2Tw9pyDKc2BNywra5,372,Bad Brückenauer Naturell Glas GDB (0.7l),9171,Ki (12 Fl),ki,Ki (12 Fl),,0.7l,0.7
Bad Brückenauer Naturell PET (1l),https://cdn.orderlion.com/itemimages/_supplier_7JWbbFcM6nq2am6mM/_231117-0937_AAPmcYaaTJrQgEayA-small.jpeg,S5wENR4aFQgqg4dTG,S5wENR4aFQgqg4dTG,373,Bad Brückenauer Naturell PET (1l),9091,Ki (12 Fl),ki,Ki (12 Fl),,1l,1
Bad Brückenauer Spritzig Glas GDB (0.7l),https://cdn.orderlion.com/itemimages/_supplier_7JWbbFcM6nq2am6mM/_231117-0936_kT2sasRaYcCT3cxYr-small.jpeg,xm8wGFZPnYf4K8thN,xm8wGFZPnYf4K8thN,374,Bad Brückenauer Spritzig Glas GDB (0.7l),9173,Ki (12 Fl),ki,Ki (12 Fl),,0.7l,0.7
Bad Brückenauer Spritzig PET (1l),https://cdn.orderlion.com/itemimages/_supplier_7JWbbFcM6nq2am6mM/_231117-0945_ZFCQcj8YWe5Z22ucg-small.jpeg,66NeT7sa3aiQoEWDL,66NeT7sa3aiQoEWDL,375,Bad Brückenauer Spritzig PET (1l),9089,Ki (12 Fl),ki,Ki (12 Fl),,1l,1
Bio Kristall Medium (0.33l),https://cdn.orderlion.com/itemimages/_supplier_7JWbbFcM6nq2am6mM/_230121-0907_tteqWRx5dhSWMoEiC-small.jpg,kxKfAterQ5j4MJbai,kxKfAterQ5j4MJbai,495,Bio Kristall Medium (0.33l),9094,Ki (10 Fl),ki,Ki (10 Fl),,0.33l,0.33
Bio Kristall Medium (0.75l),https://cdn.orderlion.com/itemimages/_supplier_7JWbbFcM6nq2am6mM/_230121-0908_zasqN4o34g3ktxmqK-small.jpg,ugrLXgo4WSQkqWvBa,ugrLXgo4WSQkqWvBa,496,Bio Kristall Medium (0.75l),9093,Krt (6 Fl),krt,Krt (6 Fl),,0.75l,0.75
Bio Kristall Still (0.33l),https://cdn.orderlion.com/itemimages/_supplier_7JWbbFcM6nq2am6mM/_230121-0909_7dzyHggStirGcPFR8-small.jpg,rPkz9vQkAAMehnRQy,rPkz9vQkAAMehnRQy,497,Bio Kristall Still (0.33l),9096,Ki (10 Fl),ki,Ki (10 Fl),,0.33l,0.33
Bio Kristall Still (0.75l),https://cdn.orderlion.com/itemimages/_supplier_7JWbbFcM6nq2am6mM/_230121-0909_ocaufYuycaC558TKD-small.jpg,eEiM6Et5h3LqqhnSs,eEiM6Et5h3LqqhnSs,498,Bio Kristall Still (0.75l),9095,Krt (6 Fl),krt,Krt (6 Fl),,0.75l,0.75
Evian Naturell PET (1.5l),https://cdn.orderlion.com/itemimages/_supplier_7JWbbFcM6nq2am6mM/_231117-0953_tgHZYSfGbfvrpxurN-small.jpeg,GeCSRoX4qt4zCkM4F,GeCSRoX4qt4zCkM4F,1396,Evian Naturell PET (1.5l),9252,Krt (6 Fl),krt,Krt (6 Fl),,1.5l,1.5
Frankenbrunnen Exquisit Classic (0.25l),https://cdn.orderlion.com/itemimages/_supplier_7JWbbFcM6nq2am6mM/_230810-1314_gTpc3RHbAdmt79iG2-small.jpeg,i6NraaDzuAPs45AJ6,i6NraaDzuAPs45AJ6,1523,Frankenbrunnen Exquisit Classic (0.25l),9080,Ki (24 Fl),ki,Ki (24 Fl),,0.25l,0.25
Frankenbrunnen Exquisit Classic (0.5l),https://cdn.orderlion.com/itemimages/_supplier_7JWbbFcM6nq2am6mM/_231117-0954_YCLDs3mrT3G9oAF5F-small.jpeg,ToKiLnDnFbp8DEPgw,ToKiLnDnFbp8DEPgw,1524,Frankenbrunnen Exquisit Classic (0.5l),9079,Ki (15 Fl),ki,Ki (15 Fl),,0.5l,0.5
Frankenbrunnen Exquisit Classic (0.75l),https://cdn.orderlion.com/itemimages/_supplier_7JWbbFcM6nq2am6mM/_230304-0806_hfD6oKtmFww6X4itM-small.jpg,T4Cxe5vTParC99t7x,T4Cxe5vTParC99t7x,1525,Frankenbrunnen Exquisit Classic (0.75l),9078,Ki (12 Fl),ki,Ki (12 Fl),,0.75l,0.75
Frankenbrunnen Exquisit Medium (0.25l),https://cdn.orderlion.com/itemimages/_supplier_7JWbbFcM6nq2am6mM/_231117-0957_owLZjzozt5iizAHh5-small.jpeg,GrmRQPXFJpXDdGrWo,GrmRQPXFJpXDdGrWo,1526,Frankenbrunnen Exquisit Medium (0.25l),9083,Ki (24 Fl),ki,Ki (24 Fl),,0.25l,0.25
Frankenbrunnen Exquisit Medium (0.5l),https://cdn.orderlion.com/itemimages/_supplier_7JWbbFcM6nq2am6mM/_231117-0956_k4HQDuAYKjyWD8a4L-small.jpeg,rNJdLF6DsgtSRDqSH,rNJdLF6DsgtSRDqSH,1527,Frankenbrunnen Exquisit Medium (0.5l),9082,Ki (15 Fl),ki,Ki (15 Fl),,0.5l,0.5
Frankenbrunnen Exquisit Medium (0.75l),https://cdn.orderlion.com/itemimages/_supplier_7JWbbFcM6nq2am6mM/_230304-0806_ytRRfqEomXQynMoXp-small.jpg,P6ksn8SKeQMKk893c,P6ksn8SKeQMKk893c,1528,Frankenbrunnen Exquisit Medium (0.75l),9081,Ki (12 Fl),ki,Ki (12 Fl),,0.75l,0.75
Frankenbrunnen Exquisit Naturell (0.25l),https://cdn.orderlion.com/itemimages/_supplier_7JWbbFcM6nq2am6mM/_230810-1314_MdcCpCNLYzY3YPSPA-small.jpeg,eK2qGi6zp2dSHsY7q,eK2qGi6zp2dSHsY7q,1529,Frankenbrunnen Exquisit Naturell (0.25l),9086,Ki (24 Fl),ki,Ki (24 Fl),,0.25l,0.25
Frankenbrunnen Exquisit Naturell (0.5l),https://cdn.orderlion.com/itemimages/_supplier_7JWbbFcM6nq2am6mM/_231117-0957_3YG9dHdRfiRZLPPrh-small.jpeg,AofocdCjFxepjB34f,AofocdCjFxepjB34f,1530,Frankenbrunnen Exquisit Naturell (0.5l),9085,Ki (15 Fl),ki,Ki (15 Fl),,0.5l,0.5
Frankenbrunnen Exquisit Naturell (0.75l),https://cdn.orderlion.com/itemimages/_supplier_7JWbbFcM6nq2am6mM/_230304-0805_8ZEt3PGRTSevDLqfd-small.jpg,EQ9o6WXTYMSK9cA4r,EQ9o6WXTYMSK9cA4r,1531,Frankenbrunnen Exquisit Naturell (0.75l),9084,Ki (12 Fl),ki,Ki (12 Fl),,0.75l,0.75
Frankenbrunnen Medium (0.7l),https://cdn.orderlion.com/itemimages/_supplier_7JWbbFcM6nq2am6mM/_231117-0958_hADTz5ZS9c4YZNPMr-small.jpeg,JmB6cjzXbtQts4rQL,JmB6cjzXbtQts4rQL,1539,Frankenbrunnen Medium (0.7l),9071,Ki (12 Fl),ki,Ki (12 Fl),,0.7l,0.7
Frankenbrunnen Medium + Lemon (0.5l),https://cdn.orderlion.com/itemimages/_supplier_7JWbbFcM6nq2am6mM/_231117-0959_ZtFoP5BmLJLt5XRG3-small.jpeg,nZkCX7QoX3KATbWd8,nZkCX7QoX3KATbWd8,1540,Frankenbrunnen Medium + Lemon (0.5l),9270,Ki (11 Fl),ki,Ki (11 Fl),,0.5l,0.5
Frankenbrunnen Medium + Lemon (0.75l),https://cdn.orderlion.com/itemimages/_supplier_7JWbbFcM6nq2am6mM/_231117-1001_tQZJZXvkmtNpHRM3K-small.jpeg,KidWkLorcXYz4FiBC,KidWkLorcXYz4FiBC,1541,Frankenbrunnen Medium + Lemon (0.75l),9248,Ki (12 Fl),ki,Ki (12 Fl),,0.75l,0.75
Frankenbrunnen Medium + Orange (0.75l),https://cdn.orderlion.com/itemimages/_supplier_7JWbbFcM6nq2am6mM/_231117-1002_kP9ryZiK2LAHm5wQy-small.jpeg,MtcCqixku75YMtgRR,MtcCqixku75YMtgRR,1542,Frankenbrunnen Medium + Orange (0.75l),9249,Ki (12 Fl),ki,Ki (12 Fl),,0.75l,0.75
Frankenbrunnen Medium Glas (0.5l),https://cdn.orderlion.com/itemimages/_supplier_7JWbbFcM6nq2am6mM/_230427-1135_w6FMfcCFo5ifkBDfC-small.png,Phm77e3J58p4yyir4,Phm77e3J58p4yyir4,1543,Frankenbrunnen Medium Glas (0.5l),9134,Ki (20 Fl),ki,Ki (20 Fl),,0.5l,0.5
Frankenbrunnen Medium Indivi. PET (0.5l),https://cdn.orderlion.com/itemimages/_supplier_7JWbbFcM6nq2am6mM/_231117-1003_qGXEsqmyMQ7vYhmK5-small.jpeg,HyavDEEBdDJbQ4EyL,HyavDEEBdDJbQ4EyL,1544,Frankenbrunnen Medium Indivi. PET (0.5l),9227,Ki (11 Fl),ki,Ki (11 Fl),,0.5l,0.5
Frankenbrunnen Medium Individual (0.75l),https://cdn.orderlion.com/itemimages/_supplier_7JWbbFcM6nq2am6mM/_231117-1004_2Hk8E8mA89Jgaygpo-small.jpeg,zadbKCHWAwKpeAXnb,zadbKCHWAwKpeAXnb,1545,Frankenbrunnen Medium Individual (0.75l),9276,Ki (12 Fl),ki,Ki (12 Fl),,0.75l,0.75
Frankenbrunnen Medium PET (1l),https://cdn.orderlion.com/itemimages/_supplier_7JWbbFcM6nq2am6mM/_231117-1005_dyA5WMQMBHct8vSpZ-small.jpeg,7G7kNcYf2KenZCoJo,7G7kNcYf2KenZCoJo,1546,Frankenbrunnen Medium PET (1l),9072,Ki (12 Fl),ki,Ki (12 Fl),,1l,1
Frankenbrunnen Naturell (0.7l),https://cdn.orderlion.com/itemimages/_supplier_7JWbbFcM6nq2am6mM/_231117-1006_oLM49Nf2DCeYHxn82-small.jpeg,LcztQDev8v2Gr8EXB,LcztQDev8v2Gr8EXB,1551,Frankenbrunnen Naturell (0.7l),9074,Ki (12 Fl),ki,Ki (12 Fl),,0.7l,0.7
Frankenbrunnen Naturell Glas (0.5l),https://cdn.orderlion.com/itemimages/_supplier_7JWbbFcM6nq2am6mM/_231117-1007_Rwo2es9ARKXfW7EBY-small.jpeg,f7kDuQd6yBPwG6Mrw,f7kDuQd6yBPwG6Mrw,1552,Frankenbrunnen Naturell Glas (0.5l),9133,Ki (20 Fl),ki,Ki (20 Fl),,0.5l,0.5
Frankenbrunnen Naturell Indivi. PET (0.5l),https://cdn.orderlion.com/itemimages/_supplier_7JWbbFcM6nq2am6mM/_231117-1007_otGJ6Fr2LHfhsgEix-small.jpeg,vjioTT2XsBFJJHkfZ,vjioTT2XsBFJJHkfZ,1553,Frankenbrunnen Naturell Indivi. PET (0.5l),9226,Ki (11 Fl),ki,Ki (11 Fl),,0.5l,0.5
Frankenbrunnen Naturell Individual (0.75l),https://cdn.orderlion.com/itemimages/_supplier_7JWbbFcM6nq2am6mM/_231117-1008_m6PHk5AMyn5qozRWR-small.jpeg,AaaXYxoQX6hwS647f,AaaXYxoQX6hwS647f,1554,Frankenbrunnen Naturell Individual (0.75l),9259,Ki (12 Fl),ki,Ki (12 Fl),,0.75l,0.75
Frankenbrunnen Naturell PET (1l),https://cdn.orderlion.com/itemimages/_supplier_7JWbbFcM6nq2am6mM/_231117-1009_bSSeDxj63gy2JgTW7-small.jpeg,nKvRg9rjwAYdxJsmq,nKvRg9rjwAYdxJsmq,1555,Frankenbrunnen Naturell PET (1l),9075,Ki (12 Fl),ki,Ki (12 Fl),,1l,1
Frankenbrunnen Sanft (0.7l),https://cdn.orderlion.com/itemimages/_supplier_7JWbbFcM6nq2am6mM/_231117-1010_dQveLHWwsD93yYs8J-small.jpeg,7k6p5oQyX2iyeuQqM,7k6p5oQyX2iyeuQqM,1559,Frankenbrunnen Sanft (0.7l),9077,Ki (12 Fl),ki,Ki (12 Fl),,0.7l,0.7
Frankenbrunnen Sanft Individual (0.75l),https://cdn.orderlion.com/itemimages/_supplier_7JWbbFcM6nq2am6mM/_231117-1011_AHp9uPRpj5FAXMZDh-small.jpeg,z8n4GGeEsei5Ciqq4,z8n4GGeEsei5Ciqq4,1560,Frankenbrunnen Sanft Individual (0.75l),9277,Ki (12 Fl),ki,Ki (12 Fl),,0.75l,0.75
Frankenbrunnen Sanft PET (1l),https://cdn.orderlion.com/itemimages/_supplier_7JWbbFcM6nq2am6mM/_231117-1011_byomRkg9B3qFwb74v-small.jpeg,SQ6SMT2GLc9mEhsL3,SQ6SMT2GLc9mEhsL3,1561,Frankenbrunnen Sanft PET (1l),9136,Ki (12 Fl),ki,Ki (12 Fl),,1l,1
Frankenbrunnen Spritzig (0.7l),https://cdn.orderlion.com/itemimages/_supplier_7JWbbFcM6nq2am6mM/_231117-1012_DMdGCRwMhgyRv9ry4-small.jpeg,TiZsg6GhJLZiE5qpd,TiZsg6GhJLZiE5qpd,1563,Frankenbrunnen Spritzig (0.7l),9068,Ki (12 Fl),ki,Ki (12 Fl),,0.7l,0.7
Frankenbrunnen Spritzig Glas (0.5l),https://cdn.orderlion.com/itemimages/_supplier_7JWbbFcM6nq2am6mM/_230201-1419_XyMjrgepoThZs9DbG-small.png,RTCpwW8qd8GSqwADH,RTCpwW8qd8GSqwADH,1564,Frankenbrunnen Spritzig Glas (0.5l),9135,Ki (20 Fl),ki,Ki (20 Fl),,0.5l,0.5
Frankenbrunnen Spritzig Indivi. PET (0.5l),https://cdn.orderlion.com/itemimages/_supplier_7JWbbFcM6nq2am6mM/_231117-1013_fFYBHjDzce2bmBiv4-small.jpeg,waH3TwjaSQQXoJWkn,waH3TwjaSQQXoJWkn,1565,Frankenbrunnen Spritzig Indivi. PET (0.5l),9228,Ki (11 Fl),ki,Ki (11 Fl),,0.5l,0.5
Frankenbrunnen Spritzig Individual (0.75l),https://cdn.orderlion.com/itemimages/_supplier_7JWbbFcM6nq2am6mM/_231117-1013_ucpb8L674eCHHLbZz-small.jpeg,NF2pJdZgHNCfB22Fh,NF2pJdZgHNCfB22Fh,1566,Frankenbrunnen Spritzig Individual (0.75l),9274,Ki (12 Fl),ki,Ki (12 Fl),,0.75l,0.75
Frankenbrunnen Spritzig PET (1l),https://cdn.orderlion.com/itemimages/_supplier_7JWbbFcM6nq2am6mM/_221128-1848_gedEnnxQRHSW3ogy3-small.jpg,GhvAsKapkZ9NjAZtf,GhvAsKapkZ9NjAZtf,1567,Frankenbrunnen Spritzig PET (1l),9069,Ki (12 Fl),ki,Ki (12 Fl),,1l,1
Gerolsteiner Gastro Medium (0.25l),https://cdn.orderlion.com/itemimages/_supplier_7JWbbFcM6nq2am6mM/_231117-1014_wyyFE7WpxDps2ZnBf-small.jpeg,9KPoZcSwESLJGHrQo,9KPoZcSwESLJGHrQo,1684,Gerolsteiner Gastro Medium (0.25l),9158,Ki (24 Fl),ki,Ki (24 Fl),,0.25l,0.25
Gerolsteiner Gastro Medium (0.5l),https://cdn.orderlion.com/itemimages/_supplier_7JWbbFcM6nq2am6mM/_231117-1015_k4fysgMPPktgYJBPr-small.jpeg,ZLSEyrev5LDGsbBec,ZLSEyrev5LDGsbBec,1685,Gerolsteiner Gastro Medium (0.5l),9201,Ki (15 Fl),ki,Ki (15 Fl),,0.5l,0.5
Gerolsteiner Gastro Medium (0.75l),https://cdn.orderlion.com/itemimages/_supplier_7JWbbFcM6nq2am6mM/_231117-1016_uDa5sBkyWzvcJvxoo-small.jpeg,PuiSw2CdKLmDY8mnD,PuiSw2CdKLmDY8mnD,1686,Gerolsteiner Gastro Medium (0.75l),9159,Ki (12 Fl),ki,Ki (12 Fl),,0.75l,0.75
Gerolsteiner Gastro Naturell (0.25l),https://cdn.orderlion.com/itemimages/_supplier_7JWbbFcM6nq2am6mM/_221228-0639_4CdiNiDJS9xfff62g-small.png,EaADHiBdSxtcy5cpS,EaADHiBdSxtcy5cpS,1687,Gerolsteiner Gastro Naturell (0.25l),9156,Ki (24 Fl),ki,Ki (24 Fl),,0.25l,0.25
Gerolsteiner Gastro Naturell (0.5l),https://cdn.orderlion.com/itemimages/_supplier_7JWbbFcM6nq2am6mM/_231117-1023_xk6gTo6syDZJviH3T-small.jpeg,ptj32qpnostAumyjp,ptj32qpnostAumyjp,1688,Gerolsteiner Gastro Naturell (0.5l),9200,Ki (15 Fl),ki,Ki (15 Fl),,0.5l,0.5
Gerolsteiner Gastro Naturell (0.75l),https://cdn.orderlion.com/itemimages/_supplier_7JWbbFcM6nq2am6mM/_221228-0640_AhPDYnBZ3RdeZ4LzE-small.jpg,DEpxFLWGAs69Xc55i,DEpxFLWGAs69Xc55i,1689,Gerolsteiner Gastro Naturell (0.75l),9157,Ki (12 Fl),ki,Ki (12 Fl),,0.75l,0.75
Gerolsteiner Gastro Spritzig (0.25l),https://cdn.orderlion.com/itemimages/_supplier_7JWbbFcM6nq2am6mM/_221228-0641_Loc6HKeJqNsmZhr5h-small.jpg,cujLnn65ARcebXmLi,cujLnn65ARcebXmLi,1690,Gerolsteiner Gastro Spritzig (0.25l),9160,Ki (24 Fl),ki,Ki (24 Fl),,0.25l,0.25
Gerolsteiner Gastro Spritzig (0.5l),https://cdn.orderlion.com/itemimages/_supplier_7JWbbFcM6nq2am6mM/_231117-1023_nMKKLAX9LNcdzDWmz-small.jpeg,YNt92AfiD7iXwhafz,YNt92AfiD7iXwhafz,1691,Gerolsteiner Gastro Spritzig (0.5l),9202,Ki (15 Fl),ki,Ki (15 Fl),,0.5l,0.5
Gerolsteiner Gastro Spritzig (0.75l),https://cdn.orderlion.com/itemimages/_supplier_7JWbbFcM6nq2am6mM/_221220-0928_SYYnRKb2JR2tomnqy-small.jpg,CWQaSppocPCbTYa5a,CWQaSppocPCbTYa5a,1692,Gerolsteiner Gastro Spritzig (0.75l),9161,Ki (12 Fl),ki,Ki (12 Fl),,0.75l,0.75
Gerolsteiner Medium Glas Individual (0.75l),https://cdn.orderlion.com/itemimages/_supplier_7JWbbFcM6nq2am6mM/_231117-1025_WJnsNfAynFWsRbMKW-small.jpeg,EBebKWetxobFS3ZCL,EBebKWetxobFS3ZCL,1693,Gerolsteiner Medium Glas Individual (0.75l),9162,Ki (12 Fl),ki,Ki (12 Fl),,0.75l,0.75
Gerolsteiner Medium PET (1l),https://cdn.orderlion.com/itemimages/_supplier_7JWbbFcM6nq2am6mM/_231117-1025_4f9dm5Fw5oJpxJWo7-small.jpeg,RzK3gcrjgRWzWrZ4G,RzK3gcrjgRWzWrZ4G,1694,Gerolsteiner Medium PET (1l),9165,Ki (12 Fl),ki,Ki (12 Fl),,1l,1
Gerolsteiner Naturell Glas Individu (0.75l),https://cdn.orderlion.com/itemimages/_supplier_7JWbbFcM6nq2am6mM/_231117-1029_BfYQPjwJgsDNvQXw7-small.jpeg,u3eKDpLjS6nZBmavZ,u3eKDpLjS6nZBmavZ,1695,Gerolsteiner Naturell Glas Individu (0.75l),9231,Ki (12 Fl),ki,Ki (12 Fl),,0.75l,0.75
Gerolsteiner Naturell PET (1l),https://cdn.orderlion.com/itemimages/_supplier_7JWbbFcM6nq2am6mM/_231117-1029_c4uAuThk7XDFKAyM4-small.jpeg,2n5ythxKp6xBMEwoa,2n5ythxKp6xBMEwoa,1696,Gerolsteiner Naturell PET (1l),9164,Ki (12 Fl),ki,Ki (12 Fl),,1l,1
Gerolsteiner Spritzig Glas Individu (0.75l),https://cdn.orderlion.com/itemimages/_supplier_7JWbbFcM6nq2am6mM/_231117-1032_gWXsW2HiHZhxc5yu9-small.jpeg,hDHp38jHSB7Zk8oYa,hDHp38jHSB7Zk8oYa,1697,Gerolsteiner Spritzig Glas Individu (0.75l),9163,Ki (12 Fl),ki,Ki (12 Fl),,0.75l,0.75
Gerolsteiner Spritzig PET (1l),https://cdn.orderlion.com/itemimages/_supplier_7JWbbFcM6nq2am6mM/_231117-1032_wvSZGqoFdE2ZuTmk3-small.jpeg,QPqQXbscbdx2kzgcb,QPqQXbscbdx2kzgcb,1698,Gerolsteiner Spritzig PET (1l),9166,Ki (12 Fl),ki,Ki (12 Fl),,1l,1
"Kondrauer Gastro Naturell (20x0,25l)",https://cdn.orderlion.com/itemimages/_supplier_7JWbbFcM6nq2am6mM/_250521-0751_uqJ3c6BLT6oR7777a-small.jpeg,i2c4MFasFQWbgeuKE,i2c4MFasFQWbgeuKE,2388,"Kondrauer Gastro Naturell (20x0,25l)",9168,Ki (20 Fl),ki,Ki (20 Fl),Vorbesteller | Vorbesteller,"0,25l",0.25
Kondrauer Spritzig PET (1l),https://cdn.orderlion.com/itemimages/_supplier_7JWbbFcM6nq2am6mM/_250521-0752_5W6fbaiby6AAy7JR2-small.jpeg,vvok9DNdsKTkyjx6q,vvok9DNdsKTkyjx6q,2389,Kondrauer Spritzig PET (1l),9247,Ki (12 Fl),ki,Ki (12 Fl),Vorbesteller | Vorbesteller,1l,1
Krumbach Classic PET (1l),https://cdn.orderlion.com/itemimages/_supplier_7JWbbFcM6nq2am6mM/_231117-1045_t6P2KaFw2nbFvLu8n-small.jpeg,Fwmuo3RLFAf8XCgXa,Fwmuo3RLFAf8XCgXa,2419,Krumbach Classic PET (1l),9193,Ki (9 Fl),ki,Ki (9 Fl),,1l,1
Krumbach Medium PET (1l),https://cdn.orderlion.com/itemimages/_supplier_7JWbbFcM6nq2am6mM/_231117-1046_T2QSmAcpi5W2hutYx-small.jpeg,4r2hgkhx4oyRunZ6y,4r2hgkhx4oyRunZ6y,2420,Krumbach Medium PET (1l),9192,Ki (9 Fl),ki,Ki (9 Fl),,1l,1
Krumbach Naturell PET (1l),https://cdn.orderlion.com/itemimages/_supplier_7JWbbFcM6nq2am6mM/_231117-1047_KDs7auoyJn6Z4uRJb-small.jpeg,D7QeLE82SxrB5pP37,D7QeLE82SxrB5pP37,2421,Krumbach Naturell PET (1l),9191,Ki (9 Fl),ki,Ki (9 Fl),,1l,1
"Mineralwasser Naturell - Kreuzberg Quelle (20x0,5l)",,xB2PcEqB9D6fqW9fN,xB2PcEqB9D6fqW9fN,2903,"Mineralwasser Naturell - Kreuzberg Quelle  (20x0,5l)",9070,Ki (20 Fl),ki,Ki (20 Fl),vorbesteller | vorbesteller,"0,5l",0.5
"Mineralwasser Spritzig - Kreuzberg Quelle (20x0,5l)",,DWq2pKpQEL2yvuWrT,DWq2pKpQEL2yvuWrT,2904,"Mineralwasser Spritzig - Kreuzberg Quelle  (20x0,5l)",9067,Ki (20 Fl),fass,Ki (20 Fl),vorbesteller | vorbesteller,"0,5l",0.5
"NM Medium PET (11x0,5l)",,dF3jyxz3ZppvvGpFm,dF3jyxz3ZppvvGpFm,3222,"NM Medium PET                      (11x0,5l)",9313,Ki (11 Fl),ki,Ki (11 Fl),NEUMARKTER MINERALBRUNNEN | NEUMARKTER MINERALBRUNNEN,"0,5l",0.5
"NM Naturell PET (11x0,5l)",,pejhSsksAE45c5kbM,pejhSsksAE45c5kbM,3223,"NM Naturell PET (11x0,5l)",9312,Ki (11 Fl),ki,Ki (11 Fl),NEUMARKTER MINERALBRUNNEN | NEUMARKTER MINERALBRUNNEN,"0,5l",0.5
"NM Spritzig PET (11x0,5l)",,xuqtBC3rN99tLNehw,xuqtBC3rN99tLNehw,3224,"NM Spritzig PET        (11x0,5l)",9314,Ki (11 Fl),ki,Ki (11 Fl),NEUMARKTER MINERALBRUNNEN | Vorbesteller | NEUMARKTER MINERALBRUNNEN | ...,"0,5l",0.5
"Nawinta Tafelwasser Classic (20x0,5l)",,mGLrg4iv27Zv3oa6o,mGLrg4iv27Zv3oa6o,3230,"Nawinta Tafelwasser Classic        (20x0,5l)",9066,Ki (20 Fl),ki,Ki (20 Fl),,"0,5l",0.5
Nawinta Tafelwasser Medium (20x0.5l),https://cdn.orderlion.com/itemimages/_supplier_7JWbbFcM6nq2am6mM/_230427-1136_q4ZWKLps8tHss2BGs-small.jpg,Ff8TZeZWBhiNpCfXM,Ff8TZeZWBhiNpCfXM,3231,Nawinta Tafelwasser Medium (20x0.5l),9065,Ki (20 Fl),ki,Ki (20 Fl),,0.5l,0.5
Plose Medium (1l),https://cdn.orderlion.com/itemimages/_supplier_7JWbbFcM6nq2am6mM/_230419-0754_JmFF2aRNQnzMj7KWN-small.jpg,oCPkxtjCd23yYSFpz,oCPkxtjCd23yYSFpz,3513,Plose Medium (1l),9138,Krt (6 Fl),krt,Krt (6 Fl),,1l,1
Plose Naturell (1l),https://cdn.orderlion.com/itemimages/_supplier_7JWbbFcM6nq2am6mM/_230419-0754_ptbzZhav3u3FGKFjo-small.jpg,4aSCaAaLBERXgrQ6g,4aSCaAaLBERXgrQ6g,3514,Plose Naturell (1l),9137,Krt (6 Fl),krt,Krt (6 Fl),,1l,1
Pyraser Waldquelle Naturell (0.5l),https://cdn.orderlion.com/itemimages/_supplier_7JWbbFcM6nq2am6mM/_231117-1051_myKRot3p45uionYfD-small.jpeg,PkboD6dQHT5aubskn,PkboD6dQHT5aubskn,3621,Pyraser Waldquelle Naturell (0.5l),9107,Ki (20 Fl),ki,Ki (20 Fl),,0.5l,0.5
Pyraser Waldquelle Sanft (0.5l),https://cdn.orderlion.com/itemimages/_supplier_7JWbbFcM6nq2am6mM/_231117-1053_Mh9jzgpcvaAtPpfhR-small.jpeg,d8bce4pggTniQL5GP,d8bce4pggTniQL5GP,3622,Pyraser Waldquelle Sanft (0.5l),9108,Ki (20 Fl),ki,Ki (20 Fl),,0.5l,0.5
Pyraser Waldquelle Spritzig (0.5l),https://cdn.orderlion.com/itemimages/_supplier_7JWbbFcM6nq2am6mM/_231117-1056_tNRYzxBvq93CmycLy-small.jpeg,T8NxvSdZQaXhMxzn7,T8NxvSdZQaXhMxzn7,3623,Pyraser Waldquelle Spritzig (0.5l),9109,Ki (20 Fl),ki,Ki (20 Fl),,0.5l,0.5
Rangauquelle Medium (0.7l),https://cdn.orderlion.com/itemimages/_supplier_7JWbbFcM6nq2am6mM/_231117-1058_Xn2Fh9AwH4QQ8sDiP-small.jpeg,tvMbTFyK4N3npGHYM,tvMbTFyK4N3npGHYM,3652,Rangauquelle Medium (0.7l),9113,Ki (12 Fl),ki,Ki (12 Fl),,0.7l,0.7
Rangauquelle Medium PET (1l),https://cdn.orderlion.com/itemimages/_supplier_7JWbbFcM6nq2am6mM/_231117-1114_NGCo7TKHT4yLpNKS5-small.jpeg,xdLCSafEjDSR33sXR,xdLCSafEjDSR33sXR,3653,Rangauquelle Medium PET (1l),9112,Ki (12 Fl),ki,Ki (12 Fl),,1l,1
Rangauquelle Naturell PET 1l,https://cdn.orderlion.com/itemimages/_supplier_7JWbbFcM6nq2am6mM/_231207-1222_y5kuGxCs2RgNwNeDe-small.jpeg,LoK4LgaYpRNPT2xEe,LoK4LgaYpRNPT2xEe,3654,Rangauquelle Naturell PET 1l,9291,Kiste,kiste,Kiste,,1l,1
Rangauquelle Spritzig (0.7l),https://cdn.orderlion.com/itemimages/_supplier_7JWbbFcM6nq2am6mM/_231117-1116_s59ifLwectM9tbLHp-small.jpeg,qkBsnDGehw5WcLW8p,qkBsnDGehw5WcLW8p,3655,Rangauquelle Spritzig (0.7l),9111,Ki (12 Fl),ki,Ki (12 Fl),,0.7l,0.7
Rangauquelle Spritzig PET (1l),https://cdn.orderlion.com/itemimages/_supplier_7JWbbFcM6nq2am6mM/_220830-0615_5fsg72bPasDxHwR6F-small.png,CgdLPwH5L8hovtrfr,CgdLPwH5L8hovtrfr,3656,Rangauquelle Spritzig PET (1l),9110,Ki (12 Fl),ki,Ki (12 Fl),,1l,1
Residenzquelle Classic (0.75l),https://cdn.orderlion.com/itemimages/_supplier_7JWbbFcM6nq2am6mM/_231117-1416_J8xTzvPfG7yG3gytJ-small.jpeg,CCCoLndcW8Z9p85ga,CCCoLndcW8Z9p85ga,3728,Residenzquelle Classic (0.75l),9199,Ki (12 Fl),ki,Ki (12 Fl),,0.75l,0.75
Residenzquelle Classic PET (1l),https://cdn.orderlion.com/itemimages/_supplier_7JWbbFcM6nq2am6mM/_231117-1310_Zgi2t54J4XvNYg8AS-small.jpeg,prnaN9S46WGsg2fS4,prnaN9S46WGsg2fS4,3729,Residenzquelle Classic PET (1l),9196,Ki (12 Fl),ki,Ki (12 Fl),,1l,1
Residenzquelle Medium (0.75l),https://cdn.orderlion.com/itemimages/_supplier_7JWbbFcM6nq2am6mM/_231117-1416_3cKnzfsESZGSKoWkn-small.jpeg,5G4ikP7YWiQBgBp9L,5G4ikP7YWiQBgBp9L,3730,Residenzquelle Medium (0.75l),9198,Ki (12 Fl),ki,Ki (12 Fl),,0.75l,0.75
"Residenzquelle Medium + Limette 0,7l",https://cdn.orderlion.com/itemimages/_supplier_7JWbbFcM6nq2am6mM/_230118-1439_eQXcYoiSbBLvCFFd3-small.jpg,u6XkqKQ8cCZpEa34y,u6XkqKQ8cCZpEa34y,3731,"Residenzquelle Medium + Limette 0,7l",9292,Kiste,kiste,Kiste,,"0,7l",0.7
Residenzquelle Medium PET (1l),https://cdn.orderlion.com/itemimages/_supplier_7JWbbFcM6nq2am6mM/_231117-1316_aznHdBqaM8wpg28zz-small.jpeg,99WXKE2tJnZSDyfgc,99WXKE2tJnZSDyfgc,3732,Residenzquelle Medium PET (1l),9195,Ki (12 Fl),ki,Ki (12 Fl),,1l,1
Residenzquelle Mild PET (1l),https://cdn.orderlion.com/itemimages/_supplier_7JWbbFcM6nq2am6mM/_231117-1317_RK3NmCdWm4aoGBmNM-small.jpeg,tYqztQEJSiBBKRyMk,tYqztQEJSiBBKRyMk,3733,Residenzquelle Mild PET (1l),9275,Ki (12 Fl),ki,Ki (12 Fl),,1l,1
Residenzquelle Naturell (0.75l),https://cdn.orderlion.com/itemimages/_supplier_7JWbbFcM6nq2am6mM/_231117-1318_to7yTzuSipffmSWej-small.jpeg,mNpMmQt2rdfG6bcGK,mNpMmQt2rdfG6bcGK,3734,Residenzquelle Naturell (0.75l),9197,Ki (12 Fl),ki,Ki (12 Fl),,0.75l,0.75
Residenzquelle Naturell PET (1l),https://cdn.orderlion.com/itemimages/_supplier_7JWbbFcM6nq2am6mM/_231117-1318_zYWfKdTgrTFrRbGRs-small.jpeg,xGTqbf7rGHfg9Fr7H,xGTqbf7rGHfg9Fr7H,3735,Residenzquelle Naturell PET (1l),9194,Ki (12 Fl),ki,Ki (12 Fl),,1l,1
"Rhön Sprude Sanft (120,7l)",https://cdn.orderlion.com/itemimages/_supplier_7JWbbFcM6nq2am6mM/_240105-0700_SAQPsopxArSfJ7T9f-small.jpeg,vGFtGauFbKQu8pcxx,vGFtGauFbKQu8pcxx,3736,"Rhön Sprude Sanft (120,7l)",9302,Kiste,kiste,Kiste,,"120,7l",120.7
Rhön Sprudel Classic (0.7l),https://cdn.orderlion.com/itemimages/_supplier_7JWbbFcM6nq2am6mM/_231117-1319_h9vnjBw5fSmxaMPKh-small.jpeg,sLr93of3cbzbKBYY4,sLr93of3cbzbKBYY4,3743,Rhön Sprudel Classic (0.7l),9023,Ki (12 Fl),ki,Ki (12 Fl),,0.7l,0.7
Rhön Sprudel Classic PET (1l),https://cdn.orderlion.com/itemimages/_supplier_7JWbbFcM6nq2am6mM/_231117-1319_ERqAwr67cqoekegwy-small.jpeg,fDk5ZLZEvM8E4mG4u,fDk5ZLZEvM8E4mG4u,3744,Rhön Sprudel Classic PET (1l),9022,Ki (12 Fl),ki,Ki (12 Fl),,1l,1
Rhön Sprudel Gastro Classic (0.25l),https://cdn.orderlion.com/itemimages/_supplier_7JWbbFcM6nq2am6mM/_231117-1336_naA8zhJEofNiij4mm-small.jpeg,CvYaDvNxg2CwM5iFG,CvYaDvNxg2CwM5iFG,3747,Rhön Sprudel Gastro Classic (0.25l),9028,Ki (24 Fl),ki,Ki (24 Fl),,0.25l,0.25
Rhön Sprudel Gastro Classic (0.5l),https://cdn.orderlion.com/itemimages/_supplier_7JWbbFcM6nq2am6mM/_231117-1337_8JNPsH8gyesoZ4cHJ-small.jpeg,9e2Lg4NX2NyDKvsrB,9e2Lg4NX2NyDKvsrB,3748,Rhön Sprudel Gastro Classic (0.5l),9032,Ki (20 Fl),ki,Ki (20 Fl),,0.5l,0.5
Rhön Sprudel Gastro Classic (0.75l),https://cdn.orderlion.com/itemimages/_supplier_7JWbbFcM6nq2am6mM/_231117-1338_dFrK5DSrC2m2unN28-small.jpeg,BhBJdWXxz576kERhd,BhBJdWXxz576kERhd,3749,Rhön Sprudel Gastro Classic (0.75l),9029,Ki (12 Fl),ki,Ki (12 Fl),,0.75l,0.75
Rhön Sprudel Gastro Medium (0.25l),https://cdn.orderlion.com/itemimages/_supplier_7JWbbFcM6nq2am6mM/_231117-1339_dYi5ZzTgSKPYjfzqY-small.jpeg,KJt8bFS8pXwbL9X9s,KJt8bFS8pXwbL9X9s,3751,Rhön Sprudel Gastro Medium (0.25l),9030,Ki (24 Fl),ki,Ki (24 Fl),,0.25l,0.25
Rhön Sprudel Gastro Medium (0.5l),https://cdn.orderlion.com/itemimages/_supplier_7JWbbFcM6nq2am6mM/_231117-1341_MFmwcHtGuqEDpji7p-small.jpeg,LeMG7McA4sEpea9YF,LeMG7McA4sEpea9YF,3752,Rhön Sprudel Gastro Medium (0.5l),9182,Ki (20 Fl),ki,Ki (20 Fl),,0.5l,0.5
Rhön Sprudel Gastro Medium (0.75l),https://cdn.orderlion.com/itemimages/_supplier_7JWbbFcM6nq2am6mM/_231117-1343_g7c7u4jcMYFTb8mG8-small.jpeg,esa3PQKE9e2tx9GAe,esa3PQKE9e2tx9GAe,3753,Rhön Sprudel Gastro Medium (0.75l),9031,Ki (12 Fl),ki,Ki (12 Fl),,0.75l,0.75
Rhön Sprudel Gastro Naturell (0.25l),https://cdn.orderlion.com/itemimages/_supplier_7JWbbFcM6nq2am6mM/_231117-1343_Z49LK3CXQapKMyuQz-small.jpeg,hLpivQHy6YnfbjDXc,hLpivQHy6YnfbjDXc,3754,Rhön Sprudel Gastro Naturell (0.25l),9033,Ki (24 Fl),ki,Ki (24 Fl),,0.25l,0.25
Rhön Sprudel Gastro Naturell (0.5l),https://cdn.orderlion.com/itemimages/_supplier_7JWbbFcM6nq2am6mM/_231117-1346_GKHXAtLadMsYDtyks-small.jpeg,vCyRQNy8bZGNvqNNG,vCyRQNy8bZGNvqNNG,3755,Rhön Sprudel Gastro Naturell (0.5l),9035,Ki (20 Fl),ki,Ki (20 Fl),,0.5l,0.5
Rhön Sprudel Gastro Naturell (0.75l),https://cdn.orderlion.com/itemimages/_supplier_7JWbbFcM6nq2am6mM/_231117-1345_N3fXegFXbp2mkwu5j-small.jpeg,BYKJ845ajLb5t6fwu,BYKJ845ajLb5t6fwu,3756,Rhön Sprudel Gastro Naturell (0.75l),9034,Ki (12 Fl),ki,Ki (12 Fl),,0.75l,0.75
Rhön Sprudel Individual Medium (0.75l),https://cdn.orderlion.com/itemimages/_supplier_7JWbbFcM6nq2am6mM/_231117-1347_ois9vE4qtSD9HG5W8-small.jpeg,wMfxjR9jcDvb7WJaa,wMfxjR9jcDvb7WJaa,3762,Rhön Sprudel Individual Medium (0.75l),9189,Ki (12 Fl),ki,Ki (12 Fl),,0.75l,0.75
Rhön Sprudel Individual Medium (1l),https://cdn.orderlion.com/itemimages/_supplier_7JWbbFcM6nq2am6mM/_230227-1907_wMDjsxk6QaS6fqt2u-small.png,BLFmjcSeMQ9kPDeaZ,BLFmjcSeMQ9kPDeaZ,3763,Rhön Sprudel Individual Medium (1l),9125,Krt (6 Fl),krt,Krt (6 Fl),,1l,1
Rhön Sprudel Individual Naturell (0.75l),https://cdn.orderlion.com/itemimages/_supplier_7JWbbFcM6nq2am6mM/_231117-1349_S2pDvBSqDjHmJgCeL-small.jpeg,SvzK7uvoJy7icpewH,SvzK7uvoJy7icpewH,3764,Rhön Sprudel Individual Naturell (0.75l),9188,Ki (12 Fl),ki,Ki (12 Fl),,0.75l,0.75
Rhön Sprudel Individual Naturell (1l),https://cdn.orderlion.com/itemimages/_supplier_7JWbbFcM6nq2am6mM/_231117-1355_YdwajbrWzMTijBYFv-small.jpeg,4Ezgz8oBNtQbnTepX,4Ezgz8oBNtQbnTepX,3765,Rhön Sprudel Individual Naturell (1l),9124,Krt (6 Fl),krt,Krt (6 Fl),,1l,1
Rhön Sprudel Individual Original (0.75l),https://cdn.orderlion.com/itemimages/_supplier_7JWbbFcM6nq2am6mM/_231117-1356_gSXZCWX4scrJ8edYu-small.jpeg,KKjMPv3NsCi65Tbgk,KKjMPv3NsCi65Tbgk,3766,Rhön Sprudel Individual Original (0.75l),9190,Ki (12 Fl),ki,Ki (12 Fl),,0.75l,0.75
Rhön Sprudel Individual Original (1l),https://cdn.orderlion.com/itemimages/_supplier_7JWbbFcM6nq2am6mM/_231117-1356_pE6X2Pw84jZnCnMGc-small.jpeg,FvrN7E2gnCZ3iAZ5h,FvrN7E2gnCZ3iAZ5h,3767,Rhön Sprudel Individual Original (1l),9126,Krt (6 Fl),krt,Krt (6 Fl),,1l,1
Rhön Sprudel Individual Sanft (0.75l),https://cdn.orderlion.com/itemimages/_supplier_7JWbbFcM6nq2am6mM/_231117-1357_DGnn76xaLYxZgheyH-small.jpeg,tqCRXBvma3jDoJtsr,tqCRXBvma3jDoJtsr,3768,Rhön Sprudel Individual Sanft (0.75l),9203,Ki (12 Fl),ki,Ki (12 Fl),,0.75l,0.75
Rhön Sprudel Individual Sanft (1l),https://cdn.orderlion.com/itemimages/_supplier_7JWbbFcM6nq2am6mM/_231117-1359_7dvuevjYntWpfyeTY-small.jpeg,crG3pa25KdwnZPuJZ,crG3pa25KdwnZPuJZ,3769,Rhön Sprudel Individual Sanft (1l),9272,Krt (6 Fl),krt,Krt (6 Fl),,1l,1
Rhön Sprudel Medium (0.75l),https://cdn.orderlion.com/itemimages/_supplier_7JWbbFcM6nq2am6mM/_231117-1359_WhCTy3b8DvwWLHPvJ-small.jpeg,9scJagrbojjTk7eAx,9scJagrbojjTk7eAx,3771,Rhön Sprudel Medium (0.75l),9025,Ki (12 Fl),ki,Ki (12 Fl),,0.75l,0.75
Rhön Sprudel Medium PET (0.5l),https://cdn.orderlion.com/itemimages/_supplier_7JWbbFcM6nq2am6mM/_231117-1401_DrwN49Rj4CHepfiKo-small.jpeg,XSNEmzDJyajcZDjdW,XSNEmzDJyajcZDjdW,3772,Rhön Sprudel Medium PET (0.5l),9131,Ki (12 Fl),ki,Ki (12 Fl),,0.5l,0.5
Rhön Sprudel Medium PET (1l),https://cdn.orderlion.com/itemimages/_supplier_7JWbbFcM6nq2am6mM/_231117-1401_RgRMmLncJyXB4Smv4-small.jpeg,DEwqWBdDBeg4odc6i,DEwqWBdDBeg4odc6i,3773,Rhön Sprudel Medium PET (1l),9024,Ki (12 Fl),ki,Ki (12 Fl),,1l,1
Rhön Sprudel MiWa + Limette Glas (0.75l),https://cdn.orderlion.com/itemimages/_supplier_7JWbbFcM6nq2am6mM/_231117-1402_6g9tQiYp77YhjHDot-small.jpeg,vCDWajocnLX2JnCpn,vCDWajocnLX2JnCpn,3774,Rhön Sprudel MiWa + Limette Glas (0.75l),9129,Ki (12 Fl),ki,Ki (12 Fl),,0.75l,0.75
Rhön Sprudel MiWa + Zitrone Glas (0.75l),https://cdn.orderlion.com/itemimages/_supplier_7JWbbFcM6nq2am6mM/_231117-1402_wDFzEdHHwDzkh9KSc-small.jpeg,Ab47atJeAgAbNRbvg,Ab47atJeAgAbNRbvg,3775,Rhön Sprudel MiWa + Zitrone Glas (0.75l),9128,Ki (12 Fl),ki,Ki (12 Fl),,0.75l,0.75
Rhön Sprudel MiWa + Zitrone PET (0.75l),https://cdn.orderlion.com/itemimages/_supplier_7JWbbFcM6nq2am6mM/_231117-1402_Pi3HEBGzaq3kuEagy-small.jpeg,pMLgxykz6iw56vYdy,pMLgxykz6iw56vYdy,3776,Rhön Sprudel MiWa + Zitrone PET (0.75l),9127,Ki (12 Fl),ki,Ki (12 Fl),,0.75l,0.75
Rhön Sprudel Naturell (0.7l),https://cdn.orderlion.com/itemimages/_supplier_7JWbbFcM6nq2am6mM/_231117-1403_wTxzMGP6bzkNYCNf2-small.jpeg,JfdkhBsMnobaQYJJJ,JfdkhBsMnobaQYJJJ,3777,Rhön Sprudel Naturell (0.7l),9027,Ki (12 Fl),ki,Ki (12 Fl),,0.7l,0.7
Rhön Sprudel Naturell PET (0.5l),https://cdn.orderlion.com/itemimages/_supplier_7JWbbFcM6nq2am6mM/_231117-1403_nWojmQEbBjSSgWigf-small.jpeg,GeGYGSawnfSFq6dC3,GeGYGSawnfSFq6dC3,3778,Rhön Sprudel Naturell PET (0.5l),9130,Ki (12 Fl),ki,Ki (12 Fl),,0.5l,0.5
Rhön Sprudel Naturell PET (1l),https://cdn.orderlion.com/itemimages/_supplier_7JWbbFcM6nq2am6mM/_231117-1404_uMPihgDhZLpg6AEpd-small.jpeg,9omvn6vBs9KprKdFh,9omvn6vBs9KprKdFh,3779,Rhön Sprudel Naturell PET (1l),9026,Ki (12 Fl),ki,Ki (12 Fl),,1l,1
Rhön Sprudel Original PET (0.5l),https://cdn.orderlion.com/itemimages/_supplier_7JWbbFcM6nq2am6mM/_231117-1405_8ePwFpnKgNfPPDdmn-small.jpeg,FqQMFfaQbijiEXRS6,FqQMFfaQbijiEXRS6,3781,Rhön Sprudel Original PET (0.5l),9132,Ki (12 Fl),ki,Ki (12 Fl),,0.5l,0.5
Rhön Sprudel Sanft PET (1l),https://cdn.orderlion.com/itemimages/_supplier_7JWbbFcM6nq2am6mM/_231117-1406_Jykv3vCzrKWHS6utt-small.jpeg,9j5Mx4rcJcJ2nnT4q,9j5Mx4rcJcJ2nnT4q,3784,Rhön Sprudel Sanft PET (1l),9271,Ki (12 Fl),ki,Ki (12 Fl),,1l,1
San Pellegrino (0.25l),https://cdn.orderlion.com/itemimages/_supplier_7JWbbFcM6nq2am6mM/_221003-1825_iTy8nXEXfg2aLb8TB-small.png,LLMJz6J5BvFtgyLSr,LLMJz6J5BvFtgyLSr,3920,San Pellegrino (0.25l),9053,Ki (24 Fl),ki,Ki (24 Fl),,0.25l,0.25
San Pellegrino (0.5l),https://cdn.orderlion.com/itemimages/_supplier_7JWbbFcM6nq2am6mM/_221003-1826_5s6aNm7F6LGxcsRSu-small.jpg,Bf6uixXtyv7epYfNi,Bf6uixXtyv7epYfNi,3921,San Pellegrino (0.5l),9246,Ki (20 Fl),ki,Ki (20 Fl),,0.5l,0.5
San Pellegrino (0.75l),https://cdn.orderlion.com/itemimages/_supplier_7JWbbFcM6nq2am6mM/_221003-1825_fQn8vhXNc66hc8scb-small.jpg,hHLM43BtMawScCA5Q,hHLM43BtMawScCA5Q,3922,San Pellegrino (0.75l),9054,Ki (18 Fl),ki,Ki (18 Fl),,0.75l,0.75
San Pellegrino (1l),https://cdn.orderlion.com/itemimages/_supplier_7JWbbFcM6nq2am6mM/_231117-1324_kPmyCArKsz2SQo76K-small.jpeg,koLYYhp38SgvmA2xT,koLYYhp38SgvmA2xT,3923,San Pellegrino (1l),9229,Ki (12 Fl),ki,Ki (12 Fl),,1l,1
"San Pellegrino PET 0,5l",https://cdn.orderlion.com/itemimages/_supplier_7JWbbFcM6nq2am6mM/_230129-0703_u8YTGrcSRvh6m6yKq-small.jpg,HJFe9A8edXeqnkb58,HJFe9A8edXeqnkb58,3924,"San Pellegrino PET 0,5l",9294,Packung,packung,Packung,,"0,5l",0.5
Selters LaCulinar Classic (0.25l),https://cdn.orderlion.com/itemimages/_supplier_7JWbbFcM6nq2am6mM/_231117-1407_NKeXhf5vNkWZyY7E4-small.jpeg,cRwY35YZBcBYb9cQB,cRwY35YZBcBYb9cQB,4083,Selters LaCulinar Classic (0.25l),9040,Ki (24 Fl),ki,Ki (24 Fl),,0.25l,0.25
Selters LaCulinar Classic (0.5l),https://cdn.orderlion.com/itemimages/_supplier_7JWbbFcM6nq2am6mM/_231117-1408_sAnydMzk7EPWGiA8x-small.jpeg,pDu4kALCK96um3Lgw,pDu4kALCK96um3Lgw,4084,Selters LaCulinar Classic (0.5l),9042,Ki (20 Fl),ki,Ki (20 Fl),,0.5l,0.5
Selters LaCulinar Classic (0.75l),https://cdn.orderlion.com/itemimages/_supplier_7JWbbFcM6nq2am6mM/_231117-1204_p9ejBgA5wtW9YBA9v-small.jpeg,nTZkmvCpGrmYgoHxD,nTZkmvCpGrmYgoHxD,4085,Selters LaCulinar Classic (0.75l),9041,Ki (12 Fl),ki,Ki (12 Fl),,0.75l,0.75
"Selters LaCulinar Medium (12x0,75l)",https://cdn.orderlion.com/itemimages/_supplier_7JWbbFcM6nq2am6mM/_250520-1436_bnPxmJonvTwBgFCSa-small.jpeg,rLNS7vkWsBZbJ3LKx,rLNS7vkWsBZbJ3LKx,4086,"Selters LaCulinar Medium (12x0,75l)",9305,Ki,ki,Ki,,"0,75l",0.75
Selters LaCulinar Naturell (0.25l),https://cdn.orderlion.com/itemimages/_supplier_7JWbbFcM6nq2am6mM/_230419-1141_ff6DD4aKQdfc9rdyG-small.jpeg,caQdzfJW2iFWCkqAZ,caQdzfJW2iFWCkqAZ,4087,Selters LaCulinar Naturell (0.25l),9043,Ki (24 Fl),ki,Ki (24 Fl),,0.25l,0.25
Selters LaCulinar Naturell (0.5l),https://cdn.orderlion.com/itemimages/_supplier_7JWbbFcM6nq2am6mM/_231117-1203_P4FEokEDoNsfCj6qw-small.jpeg,BuyuH6LtrQBoWDTep,BuyuH6LtrQBoWDTep,4088,Selters LaCulinar Naturell (0.5l),9045,Ki (20 Fl),ki,Ki (20 Fl),,0.5l,0.5
Selters LaCulinar Naturell (0.75l),https://cdn.orderlion.com/itemimages/_supplier_7JWbbFcM6nq2am6mM/_231117-1203_BinKGBYWEDH8hZ2Q7-small.jpeg,sesWNc4rJpqLDigZB,sesWNc4rJpqLDigZB,4089,Selters LaCulinar Naturell (0.75l),9044,Ki (12 Fl),ki,Ki (12 Fl),,0.75l,0.75
Sparkler Tafelwasser Premix (20l),https://cdn.orderlion.com/itemimages/_supplier_7JWbbFcM6nq2am6mM/_231117-1419_2XCD3bKsjZt62p8gK-small.jpeg,GDrToiuzQNnYcPSsT,GDrToiuzQNnYcPSsT,4191,Sparkler Tafelwasser Premix (20l),9263,Krt,krt,Krt,,20l,20
St. Leonhards Quelle Medium (1l),https://cdn.orderlion.com/itemimages/_supplier_7JWbbFcM6nq2am6mM/_230419-0757_cArbjrTL9hE6GPGDZ-small.jpg,rk2mAZ8LprKDyiiRr,rk2mAZ8LprKDyiiRr,4212,St. Leonhards Quelle Medium (1l),9088,Krt (6 Fl),krt,Krt (6 Fl),,1l,1
St. Leonhards Quelle Still (1l),https://cdn.orderlion.com/itemimages/_supplier_7JWbbFcM6nq2am6mM/_230419-0758_WfYAWRjuFibxP4LJP-small.jpg,fYEF7Kd7q22ci6cto,fYEF7Kd7q22ci6cto,4213,St. Leonhards Quelle Still (1l),9087,Krt (6 Fl),krt,Krt (6 Fl),,1l,1
Staatl. Fachinger Medium (0.25l),https://cdn.orderlion.com/itemimages/_supplier_7JWbbFcM6nq2am6mM/_231117-1158_WQFDGAAoyfycu2typ-small.jpeg,LDQ5oZ3JWKeugvLqX,LDQ5oZ3JWKeugvLqX,4214,Staatl. Fachinger Medium (0.25l),9123,Ki (24 Fl),ki,Ki (24 Fl),,0.25l,0.25
Staatl. Fachinger Medium (0.75l),https://cdn.orderlion.com/itemimages/_supplier_7JWbbFcM6nq2am6mM/_231117-1158_JAFBCc4rCKhpeiWe8-small.jpeg,vS9nc69QyzoJBhNXc,vS9nc69QyzoJBhNXc,4215,Staatl. Fachinger Medium (0.75l),9122,Ki (12 Fl),ki,Ki (12 Fl),,0.75l,0.75
Staatl. Fachinger Still (0.25l),https://cdn.orderlion.com/itemimages/_supplier_7JWbbFcM6nq2am6mM/_231117-1157_6pHnTQAyEt4nSRxke-small.jpeg,EwX94DSr3jhEQKb3e,EwX94DSr3jhEQKb3e,4216,Staatl. Fachinger Still (0.25l),9121,Ki (24 Fl),ki,Ki (24 Fl),,0.25l,0.25
Staatl. Fachinger Still (0.75l),https://cdn.orderlion.com/itemimages/_supplier_7JWbbFcM6nq2am6mM/_231117-1156_cTgY4CodZjzFvNDDA-small.jpeg,PmNqz8nqYzrohtpSE,PmNqz8nqYzrohtpSE,4217,Staatl. Fachinger Still (0.75l),9120,Ki (12 Fl),ki,Ki (12 Fl),,0.75l,0.75
Taunusquelle Gastro Medium (0.25l),https://cdn.orderlion.com/itemimages/_supplier_7JWbbFcM6nq2am6mM/_240402-1040_rtK5Az3TSmvCPCYDT-small.jpeg,YKumjmxA64jxSGd7s,YKumjmxA64jxSGd7s,4297,Taunusquelle Gastro Medium (0.25l),9209,Ki (20 Fl),ki,Ki (20 Fl),Vorbesteller | Vorbesteller,0.25l,0.25
Taunusquelle Gastro Medium (0.75l),https://cdn.orderlion.com/itemimages/_supplier_7JWbbFcM6nq2am6mM/_230123-1009_WM9u4nRizWcgbQ2X4-small.jpg,26SqRfQ5dcQCZwcpZ,26SqRfQ5dcQCZwcpZ,4298,Taunusquelle Gastro Medium (0.75l),9208,Ki (12 Fl),ki,Ki (12 Fl),Vorbesteller | Vorbesteller,0.75l,0.75
Taunusquelle Gastro Naturell (0.25l),https://cdn.orderlion.com/itemimages/_supplier_7JWbbFcM6nq2am6mM/_240402-1040_2QGTCEKbYnWqpYL39-small.jpeg,fcJBRirgFxxzZc8Z2,fcJBRirgFxxzZc8Z2,4299,Taunusquelle Gastro Naturell (0.25l),9207,Ki (20 Fl),ki,Ki (20 Fl),Vorbesteller | Vorbesteller,0.25l,0.25
Taunusquelle Gastro Naturell (0.75l),https://cdn.orderlion.com/itemimages/_supplier_7JWbbFcM6nq2am6mM/_230123-1010_XSzRHBo4gWY93fpzh-small.jpg,zcQ6kEJm2AZTAZZkp,zcQ6kEJm2AZTAZZkp,4300,Taunusquelle Gastro Naturell (0.75l),9206,Ki (12 Fl),ki,Ki (12 Fl),Vorbesteller | Vorbesteller,0.75l,0.75
Teinacher Gourmet Classic (0.25l),https://cdn.orderlion.com/itemimages/_supplier_7JWbbFcM6nq2am6mM/_220815-1010_anGATRjZMxGkNMeGB-small.jpg,uX7WeJLBwwosFXJrb,uX7WeJLBwwosFXJrb,4338,Teinacher Gourmet Classic (0.25l),9005,Ki (20 Fl),ki,Ki (20 Fl),,0.25l,0.25
Teinacher Gourmet Classic (0.75l),https://cdn.orderlion.com/itemimages/_supplier_7JWbbFcM6nq2am6mM/_220815-1006_f4wPKyxHz8Jpf3DpL-small.jpg,ChFEbuembbDwivhSg,ChFEbuembbDwivhSg,4339,Teinacher Gourmet Classic (0.75l),9006,Ki (12 Fl),ki,Ki (12 Fl),,0.75l,0.75
"Teinacher Gourmet Classic (15x0,5l)",https://cdn.orderlion.com/itemimages/_supplier_7JWbbFcM6nq2am6mM/_240402-1040_z9gdBYFuup5LjupKJ-small.jpeg,83EzLEAMRJw2epuAr,83EzLEAMRJw2epuAr,4340,"Teinacher Gourmet Classic (15x0,5l)",9303,Kiste,kiste,Kiste,,"0,5l",0.5
Teinacher Gourmet Medium (0.25l),https://cdn.orderlion.com/itemimages/_supplier_7JWbbFcM6nq2am6mM/_220815-1011_zpygHph9x35CwEhzw-small.jpg,riCFg48a4JSFSPMmA,riCFg48a4JSFSPMmA,4341,Teinacher Gourmet Medium (0.25l),9007,Ki (20 Fl),ki,Ki (20 Fl),,0.25l,0.25
Teinacher Gourmet Medium (0.5l),https://cdn.orderlion.com/itemimages/_supplier_7JWbbFcM6nq2am6mM/_231117-1150_dTqPbDowtMsFvWvfr-small.jpeg,iDe2paNnSZA2eaXzq,iDe2paNnSZA2eaXzq,4342,Teinacher Gourmet Medium (0.5l),9009,Ki (15 Fl),ki,Ki (15 Fl),,0.5l,0.5
Teinacher Gourmet Medium (0.75l),https://cdn.orderlion.com/itemimages/_supplier_7JWbbFcM6nq2am6mM/_220815-1011_EoTGxkGDpSBGz6dF3-small.jpg,zmXSB92XaqgiKnciK,zmXSB92XaqgiKnciK,4343,Teinacher Gourmet Medium (0.75l),9008,Ki (12 Fl),ki,Ki (12 Fl),,0.75l,0.75
Teinacher Gourmet Naturell (0.25l),https://cdn.orderlion.com/itemimages/_supplier_7JWbbFcM6nq2am6mM/_220815-1012_z9gP9SjLYtYenSqHB-small.jpg,7aeeuo3u9RdSBtiTs,7aeeuo3u9RdSBtiTs,4344,Teinacher Gourmet Naturell (0.25l),9011,Ki (20 Fl),ki,Ki (20 Fl),,0.25l,0.25
Teinacher Gourmet Naturell (0.5l),https://cdn.orderlion.com/itemimages/_supplier_7JWbbFcM6nq2am6mM/_231117-1150_TPsCYo5EDGCq3hGi2-small.jpeg,cs3f8YMT8DDqN8uHQ,cs3f8YMT8DDqN8uHQ,4345,Teinacher Gourmet Naturell (0.5l),9013,Ki (15 Fl),ki,Ki (15 Fl),,0.5l,0.5
Teinacher Gourmet Naturell (0.75l),https://cdn.orderlion.com/itemimages/_supplier_7JWbbFcM6nq2am6mM/_220815-1012_bDEZzC2wdYBxpYJ3q-small.jpg,ecMZdXdN8x7PXNrjY,ecMZdXdN8x7PXNrjY,4346,Teinacher Gourmet Naturell (0.75l),9012,Ki (12 Fl),ki,Ki (12 Fl),,0.75l,0.75
Teinacher Medium Longneck (0.33l),https://cdn.orderlion.com/itemimages/_supplier_7JWbbFcM6nq2am6mM/_231117-1147_iucEY9HCp8dRkYFQc-small.jpeg,hy8K4BnErEohbycdH,hy8K4BnErEohbycdH,4347,Teinacher Medium Longneck (0.33l),9284,Ki (12 Fl),ki,Ki (12 Fl),,0.33l,0.33
Teinacher Medium PET,https://cdn.orderlion.com/itemimages/_supplier_7JWbbFcM6nq2am6mM/_240402-1041_hWKpr35Qpx4i24xoW-small.jpeg,r87w8KamAcRknPqrf,r87w8KamAcRknPqrf,4348,Teinacher Medium PET,9304,Ki,ki-,Ki,,,
"Teinacher Naturell Longneck (0,33l)",https://cdn.orderlion.com/itemimages/_supplier_7JWbbFcM6nq2am6mM/_231117-1146_QPAuCRuSAEkjsJJsN-small.jpeg,THKh3vCj2t62Wmv7K,THKh3vCj2t62Wmv7K,4349,"Teinacher Naturell Longneck (0,33l)",9287,Ki (12 Fl),ki,Ki (12 Fl),,"0,33l",0.33
Vilsa Gourmet Medium (0.25l),https://cdn.orderlion.com/itemimages/_supplier_7JWbbFcM6nq2am6mM/_231117-1412_RQfdcgePYLRhH6Sh6-small.jpeg,tQ285qsDAYAB5yrcs,tQ285qsDAYAB5yrcs,4681,Vilsa Gourmet Medium (0.25l),9213,Ki (24 Fl),ki,Ki (24 Fl),,0.25l,0.25
Vilsa Gourmet Medium (0.75l),https://cdn.orderlion.com/itemimages/_supplier_7JWbbFcM6nq2am6mM/_231117-1410_xYZPhfjJEFCpT26ve-small.jpeg,qztTPATc3QydzjsZT,qztTPATc3QydzjsZT,4682,Vilsa Gourmet Medium (0.75l),9214,Ki (12 Fl),ki,Ki (12 Fl),,0.75l,0.75
Vilsa Gourmet Naturell (0.25l),https://cdn.orderlion.com/itemimages/_supplier_7JWbbFcM6nq2am6mM/_231117-1411_qkd7E7iGjk476xg4d-small.jpeg,TW5nXi92pSGviR7Lu,TW5nXi92pSGviR7Lu,4683,Vilsa Gourmet Naturell (0.25l),9211,Ki (24 Fl),ki,Ki (24 Fl),,0.25l,0.25
Vilsa Gourmet Naturell (0.75l),https://cdn.orderlion.com/itemimages/_supplier_7JWbbFcM6nq2am6mM/_231117-1411_9tcmXznuRTtmCbdMt-small.jpeg,2Hp3BivyR66SRiTsS,2Hp3BivyR66SRiTsS,4684,Vilsa Gourmet Naturell (0.75l),9212,Ki (12 Fl),ki,Ki (12 Fl),,0.75l,0.75
Vilsa Medium PET (0.5l),https://cdn.orderlion.com/itemimages/_supplier_7JWbbFcM6nq2am6mM/_231117-1141_i85NxxSQCZKKZsGgg-small.jpeg,GBAfzgvMZ9g4JvowW,GBAfzgvMZ9g4JvowW,4685,Vilsa Medium PET (0.5l),9216,Ki (12 Fl),ki,Ki (12 Fl),,0.5l,0.5
Vilsa Naturell PET (0.5l),https://cdn.orderlion.com/itemimages/_supplier_7JWbbFcM6nq2am6mM/_231117-1141_yQ7ageRr5AFoFKALL-small.jpeg,ikfmEpsfuKvb8NzfX,ikfmEpsfuKvb8NzfX,4686,Vilsa Naturell PET (0.5l),9215,Ki (12 Fl),ki,Ki (12 Fl),,0.5l,0.5
Viva Con Agua Laut (0.33l),https://cdn.orderlion.com/itemimages/_supplier_7JWbbFcM6nq2am6mM/_231117-1136_oirsKiCDhCEPEDTdK-small.jpeg,Mz3Kr9Nm4HzbiPYrC,Mz3Kr9Nm4HzbiPYrC,4704,Viva Con Agua Laut (0.33l),9018,Ki (24 Fl),ki,Ki (24 Fl),,0.33l,0.33
Viva Con Agua Laut (0.75l),https://cdn.orderlion.com/itemimages/_supplier_7JWbbFcM6nq2am6mM/_231117-1135_wPqYifhf8L4sJAEAf-small.jpeg,FGatM3vgthn4XwDno,FGatM3vgthn4XwDno,4705,Viva Con Agua Laut (0.75l),9019,Ki (12 Fl),ki,Ki (12 Fl),,0.75l,0.75
"Viva Con Agua Laut Brunnenflasche (12x0,7l)",https://cdn.orderlion.com/itemimages/_supplier_7JWbbFcM6nq2am6mM/_250328-1300_6kAaA7Gx4NeeRm7h7-small.jpeg,otECt4dNZiEBzQ4qA,otECt4dNZiEBzQ4qA,4706,"Viva Con Agua Laut Brunnenflasche (12x0,7l)",9309,Ki (12 Fl),ki,Ki (12 Fl),,"0,7l",0.7
Viva Con Agua Leise (0.33l),https://cdn.orderlion.com/itemimages/_supplier_7JWbbFcM6nq2am6mM/_231117-1135_7mQBoAvuiwjsvPJYY-small.jpeg,vrptYfSybiHnF5M8T,vrptYfSybiHnF5M8T,4707,Viva Con Agua Leise (0.33l),9020,Ki (24 Fl),ki,Ki (24 Fl),,0.33l,0.33
Viva Con Agua Leise (0.75l),https://cdn.orderlion.com/itemimages/_supplier_7JWbbFcM6nq2am6mM/_231117-1133_4khxtarQeuYhw4WNJ-small.jpeg,QzfCQrJuRuQTAJPW8,QzfCQrJuRuQTAJPW8,4708,Viva Con Agua Leise (0.75l),9021,Ki (12 Fl),ki,Ki (12 Fl),,0.75l,0.75
"Viva Con Agua Leise Brunnenflasche (12x0,7l)",https://cdn.orderlion.com/itemimages/_supplier_7JWbbFcM6nq2am6mM/_250328-1258_c4nTQs8E2Ej36uHfT-small.jpeg,zceWCEmCveXLxEu7P,zceWCEmCveXLxEu7P,4709,"Viva Con Agua Leise Brunnenflasche (12x0,7l)",9301,Ki (12 Fl),ki,Ki (12 Fl),,"0,7l",0.7
"Viva con Aqua Kleinlaut Brunnenflaschen (12x0,7l)",https://cdn.orderlion.com/itemimages/_supplier_7JWbbFcM6nq2am6mM/_250328-1300_3aC45re7hykASpu5a-small.jpeg,ytKFjQpa7i8Qhn5QD,ytKFjQpa7i8Qhn5QD,4710,"Viva con Aqua Kleinlaut Brunnenflaschen (12x0,7l)",9310,Ki (12 Fl),ki,Ki (12 Fl),,"0,7l",0.7
Volvic PET (0.5l),https://cdn.orderlion.com/itemimages/_supplier_7JWbbFcM6nq2am6mM/_231117-1132_EB6FZJ979a3Qf7e5j-small.jpeg,2HYwZXJTGsSqCqhsg,2HYwZXJTGsSqCqhsg,4720,Volvic PET (0.5l),9250,Ki (24 Fl),ki,Ki (24 Fl),,0.5l,0.5
Volvic PET (1.5l),https://cdn.orderlion.com/itemimages/_supplier_7JWbbFcM6nq2am6mM/_231117-1130_zPLAns69cFJKd7HrC-small.jpeg,wFPRtvukRvapN38m4,wFPRtvukRvapN38m4,4721,Volvic PET (1.5l),9097,Krt (6 Fl),krt,Krt (6 Fl),,1.5l,1.5
"Volvic PET 6x0,5l",https://cdn.orderlion.com/itemimages/_supplier_7JWbbFcM6nq2am6mM/_231117-1129_B4ycYDddp9jt8ZKjt-small.jpeg,rkX5nJ45iBwGcH2Da,rkX5nJ45iBwGcH2Da,4722,"Volvic PET 6x0,5l",9289,Sixpack (6 Flaschen),sixpack,Sixpack (6 Flaschen),,"0,5l",0.5
Volvic Tee Grüner Tee Zitrone (1.5l),https://cdn.orderlion.com/itemimages/_supplier_7JWbbFcM6nq2am6mM/_231117-1128_tasy7B42SFJE8jy62-small.jpeg,pZMC42waohiMbBgsv,pZMC42waohiMbBgsv,4723,Volvic Tee Grüner Tee Zitrone (1.5l),9240,Krt (6 Fl),krt,Krt (6 Fl),,1.5l,1.5
Volvic Tee Pfirsich (1.5l),https://cdn.orderlion.com/itemimages/_supplier_7JWbbFcM6nq2am6mM/_231117-1128_GXcQPdrQM3CBNWZjc-small.jpeg,xhCPJAfcTwhynNeZP,xhCPJAfcTwhynNeZP,4724,Volvic Tee Pfirsich (1.5l),9243,Krt (6 Fl),krt,Krt (6 Fl),,1.5l,1.5
Volvic Touch Apfel PET (1.5l),https://cdn.orderlion.com/itemimages/_supplier_7JWbbFcM6nq2am6mM/_231117-1127_PHD4CdzmEAF959gha-small.jpeg,f8Ki4wTxHw3bcs5ia,f8Ki4wTxHw3bcs5ia,4725,Volvic Touch Apfel PET (1.5l),9099,Krt (6 Fl),krt,Krt (6 Fl),,1.5l,1.5
Volvic Touch Kirsch PET (1.5l),https://cdn.orderlion.com/itemimages/_supplier_7JWbbFcM6nq2am6mM/_231117-1127_FnwT7FmTjgu7z5Czs-small.jpeg,6ksqBYdqELJcT2iGu,6ksqBYdqELJcT2iGu,4726,Volvic Touch Kirsch PET (1.5l),9101,Krt (6 Fl),krt,Krt (6 Fl),,1.5l,1.5
Volvic Touch Rote Früchte PET (1.5l),https://cdn.orderlion.com/itemimages/_supplier_7JWbbFcM6nq2am6mM/_231117-1123_nJcAkBzBDrxDrxkhQ-small.jpeg,BeHXBsMHwpzYpB6oR,BeHXBsMHwpzYpB6oR,4727,Volvic Touch Rote Früchte PET (1.5l),9100,Krt (6 Fl),krt,Krt (6 Fl),,1.5l,1.5
Vöslauer Ohne (0.25l),https://cdn.orderlion.com/itemimages/_supplier_7JWbbFcM6nq2am6mM/_221128-1952_7xxYRJipb3aYcj2qh-small.jpg,JPKw4oB4GRyXckqWt,JPKw4oB4GRyXckqWt,4729,Vöslauer Ohne (0.25l),9016,Ki (24 Fl),ki,Ki (24 Fl),,0.25l,0.25
Vöslauer Ohne (0.33l),https://cdn.orderlion.com/itemimages/_supplier_7JWbbFcM6nq2am6mM/_221128-2036_zZNETgXqS7czEd6jG-small.jpg,2A9AEpY3tc5SsH9q4,2A9AEpY3tc5SsH9q4,4730,Vöslauer Ohne (0.33l),9234,Ki (24 Fl),ki,Ki (24 Fl),,0.33l,0.33
Vöslauer Ohne (0.75l),https://cdn.orderlion.com/itemimages/_supplier_7JWbbFcM6nq2am6mM/_221128-1953_uGB6pkCXS4gGdYYy7-small.jpg,KytifLBCjyhvXsdDu,KytifLBCjyhvXsdDu,4731,Vöslauer Ohne (0.75l),9017,Ki (12 Fl),ki,Ki (12 Fl),,0.75l,0.75
Vöslauer Ohne PET (0.5l),https://cdn.orderlion.com/itemimages/_supplier_7JWbbFcM6nq2am6mM/_231117-1120_XFARdcAtDYaTAe4p7-small.jpeg,wmcrWiA5Gjk3WLAbY,wmcrWiA5Gjk3WLAbY,4732,Vöslauer Ohne PET (0.5l),9258,Ki (24 Fl),ki,Ki (24 Fl),,0.5l,0.5
Vöslauer Prickelnd (0.25l),https://cdn.orderlion.com/itemimages/_supplier_7JWbbFcM6nq2am6mM/_221128-1953_JFtavfNdT9wDE62Sc-small.jpg,ibtqaKkvo5bGkkP23,ibtqaKkvo5bGkkP23,4733,Vöslauer Prickelnd (0.25l),9014,Ki (24 Fl),ki,Ki (24 Fl),,0.25l,0.25
Vöslauer Prickelnd (0.33l),https://cdn.orderlion.com/itemimages/_supplier_7JWbbFcM6nq2am6mM/_221128-2036_8ooBEZ6Y7FPbMjMfZ-small.jpg,tWfRxGE7kMExJji9Z,tWfRxGE7kMExJji9Z,4734,Vöslauer Prickelnd (0.33l),9235,Ki (24 Fl),ki,Ki (24 Fl),,0.33l,0.33
Vöslauer Prickelnd (0.75l),https://cdn.orderlion.com/itemimages/_supplier_7JWbbFcM6nq2am6mM/_221128-1953_rLCud7K2SLm3FE86M-small.jpg,g3XAv7MTwdzLnPduA,g3XAv7MTwdzLnPduA,4735,Vöslauer Prickelnd (0.75l),9015,Ki (12 Fl),ki,Ki (12 Fl),,0.75l,0.75
Vöslauer Prickelnd PET (0.5l),https://cdn.orderlion.com/itemimages/_supplier_7JWbbFcM6nq2am6mM/_231117-1120_tgD5xiBE9LLrDLKTW-small.jpeg,Eq6xQAZx3wQioMvAR,Eq6xQAZx3wQioMvAR,4736,Vöslauer Prickelnd PET (0.5l),9278,Ki (24 Fl),ki,Ki (24 Fl),,0.5l,0.5
"Wurm Wasser (20,5l)",,3wFuN5xJLoXGMDwK7,3wFuN5xJLoXGMDwK7,5075,"Wurm Wasser (20,5l)",9308,KEG,keg,KEG,Vorbesteller | Vorbesteller,"20,5l",20.5
